SET session_replication_role = replica;

--
-- PostgreSQL database dump
--

-- Dumped from database version 15.6
-- Dumped by pg_dump version 15.6

SET statement_timeout = 0;
SET lock_timeout = 0;
SET idle_in_transaction_session_timeout = 0;
SET client_encoding = 'UTF8';
SET standard_conforming_strings = on;
SELECT pg_catalog.set_config('search_path', '', false);
SET check_function_bodies = false;
SET xmloption = content;
SET client_min_messages = warning;
SET row_security = off;

--
-- Data for Name: audit_log_entries; Type: TABLE DATA; Schema: auth; Owner: supabase_auth_admin
--

INSERT INTO "auth"."audit_log_entries" ("instance_id", "id", "payload", "created_at", "ip_address") VALUES
	('00000000-0000-0000-0000-000000000000', '37616f67-d70c-4819-b62f-de554288c281', '{"action":"user_signedup","actor_id":"9d4e645f-44a7-463e-b340-815bd66c99ed","actor_name":"marcel maier","actor_username":"mail@towlie.dev","actor_via_sso":false,"log_type":"team","traits":{"provider":"keycloak"}}', '2024-12-09 12:51:04.277231+00', ''),
	('00000000-0000-0000-0000-000000000000', '5397945e-793d-4139-b305-fad55f9f6a89', '{"action":"login","actor_id":"9d4e645f-44a7-463e-b340-815bd66c99ed","actor_name":"marcel maier","actor_username":"mail@towlie.dev","actor_via_sso":false,"log_type":"account","traits":{"provider_type":"keycloak"}}', '2024-12-09 12:51:15.828249+00', ''),
	('00000000-0000-0000-0000-000000000000', '9fe34dab-c48c-49be-862f-a68f214bd028', '{"action":"logout","actor_id":"9d4e645f-44a7-463e-b340-815bd66c99ed","actor_name":"marcel maier","actor_username":"mail@towlie.dev","actor_via_sso":false,"log_type":"account"}', '2024-12-09 12:56:02.375346+00', ''),
	('00000000-0000-0000-0000-000000000000', 'cdefe3d9-74f8-4421-9e99-b89f975c9e58', '{"action":"login","actor_id":"9d4e645f-44a7-463e-b340-815bd66c99ed","actor_name":"marcel maier","actor_username":"mail@towlie.dev","actor_via_sso":false,"log_type":"account","traits":{"provider":"keycloak"}}', '2024-12-09 12:56:04.545664+00', ''),
	('00000000-0000-0000-0000-000000000000', '12653df0-131e-4005-b03f-f8bba2ccea29', '{"action":"login","actor_id":"9d4e645f-44a7-463e-b340-815bd66c99ed","actor_name":"marcel maier","actor_username":"mail@towlie.dev","actor_via_sso":false,"log_type":"account","traits":{"provider":"keycloak"}}', '2024-12-09 12:56:22.171117+00', ''),
	('00000000-0000-0000-0000-000000000000', 'fe860775-0109-461f-a0c7-dcf9adb8f741', '{"action":"login","actor_id":"9d4e645f-44a7-463e-b340-815bd66c99ed","actor_name":"marcel maier","actor_username":"mail@towlie.dev","actor_via_sso":false,"log_type":"account","traits":{"provider":"keycloak"}}', '2024-12-09 12:57:41.846647+00', ''),
	('00000000-0000-0000-0000-000000000000', 'deb921b0-e44e-4a74-8558-087e2b01a9ae', '{"action":"login","actor_id":"9d4e645f-44a7-463e-b340-815bd66c99ed","actor_name":"marcel maier","actor_username":"mail@towlie.dev","actor_via_sso":false,"log_type":"account","traits":{"provider":"keycloak"}}', '2024-12-09 13:09:53.989553+00', ''),
	('00000000-0000-0000-0000-000000000000', '11e58a30-d9dc-4486-a517-f544f05f6b7a', '{"action":"login","actor_id":"9d4e645f-44a7-463e-b340-815bd66c99ed","actor_name":"marcel maier","actor_username":"mail@towlie.dev","actor_via_sso":false,"log_type":"account","traits":{"provider":"keycloak"}}', '2024-12-09 13:12:32.381835+00', ''),
	('00000000-0000-0000-0000-000000000000', 'ae5dabf8-f918-43f4-91c3-6cb66a9bc355', '{"action":"login","actor_id":"9d4e645f-44a7-463e-b340-815bd66c99ed","actor_name":"marcel maier","actor_username":"mail@towlie.dev","actor_via_sso":false,"log_type":"account","traits":{"provider":"keycloak"}}', '2024-12-09 13:16:58.946142+00', ''),
	('00000000-0000-0000-0000-000000000000', '952bd5ce-5251-4f34-8a55-08f1b1af2947', '{"action":"login","actor_id":"9d4e645f-44a7-463e-b340-815bd66c99ed","actor_name":"marcel maier","actor_username":"mail@towlie.dev","actor_via_sso":false,"log_type":"account","traits":{"provider":"keycloak"}}', '2024-12-09 13:18:52.570309+00', ''),
	('00000000-0000-0000-0000-000000000000', '9071eaed-e01a-4db6-a3b3-c90b3f0030e5', '{"action":"login","actor_id":"9d4e645f-44a7-463e-b340-815bd66c99ed","actor_name":"marcel maier","actor_username":"mail@towlie.dev","actor_via_sso":false,"log_type":"account","traits":{"provider_type":"keycloak"}}', '2024-12-09 13:18:52.938242+00', ''),
	('00000000-0000-0000-0000-000000000000', '70239157-4cb2-4c63-b272-c4557101fff2', '{"action":"login","actor_id":"9d4e645f-44a7-463e-b340-815bd66c99ed","actor_name":"marcel maier","actor_username":"mail@towlie.dev","actor_via_sso":false,"log_type":"account","traits":{"provider":"keycloak"}}', '2024-12-09 13:22:41.995818+00', ''),
	('00000000-0000-0000-0000-000000000000', 'eaf53021-9212-492a-8b85-becd3aba6ab2', '{"action":"login","actor_id":"9d4e645f-44a7-463e-b340-815bd66c99ed","actor_name":"marcel maier","actor_username":"mail@towlie.dev","actor_via_sso":false,"log_type":"account","traits":{"provider":"keycloak"}}', '2024-12-09 13:27:22.237258+00', ''),
	('00000000-0000-0000-0000-000000000000', '1c7815c7-7391-40ee-adf4-d4b3cdd4f461', '{"action":"login","actor_id":"9d4e645f-44a7-463e-b340-815bd66c99ed","actor_name":"marcel maier","actor_username":"mail@towlie.dev","actor_via_sso":false,"log_type":"account","traits":{"provider_type":"keycloak"}}', '2024-12-09 13:27:22.579968+00', ''),
	('00000000-0000-0000-0000-000000000000', '6f292696-3c8d-40ca-b0dd-25a4c85a76f2', '{"action":"login","actor_id":"9d4e645f-44a7-463e-b340-815bd66c99ed","actor_name":"marcel maier","actor_username":"mail@towlie.dev","actor_via_sso":false,"log_type":"account","traits":{"provider":"keycloak"}}', '2024-12-09 13:32:28.001616+00', ''),
	('00000000-0000-0000-0000-000000000000', 'd82d5550-a2e8-4016-b809-afae97674770', '{"action":"login","actor_id":"9d4e645f-44a7-463e-b340-815bd66c99ed","actor_name":"marcel maier","actor_username":"mail@towlie.dev","actor_via_sso":false,"log_type":"account","traits":{"provider_type":"keycloak"}}', '2024-12-09 13:32:28.062931+00', ''),
	('00000000-0000-0000-0000-000000000000', '76e5aa25-b7aa-4aa5-b9dd-015b62c2bbdb', '{"action":"login","actor_id":"9d4e645f-44a7-463e-b340-815bd66c99ed","actor_name":"marcel maier","actor_username":"mail@towlie.dev","actor_via_sso":false,"log_type":"account","traits":{"provider":"keycloak"}}', '2024-12-09 14:06:18.021042+00', ''),
	('00000000-0000-0000-0000-000000000000', '423b15fc-77c9-4dbe-a230-abdb1c93430b', '{"action":"login","actor_id":"9d4e645f-44a7-463e-b340-815bd66c99ed","actor_name":"marcel maier","actor_username":"mail@towlie.dev","actor_via_sso":false,"log_type":"account","traits":{"provider_type":"keycloak"}}', '2024-12-09 14:06:18.364698+00', ''),
	('00000000-0000-0000-0000-000000000000', '69f49705-4384-47f4-8b30-cf804061ce71', '{"action":"login","actor_id":"9d4e645f-44a7-463e-b340-815bd66c99ed","actor_name":"marcel maier","actor_username":"mail@towlie.dev","actor_via_sso":false,"log_type":"account","traits":{"provider":"keycloak"}}', '2024-12-09 14:08:03.36776+00', ''),
	('00000000-0000-0000-0000-000000000000', '718717ee-453e-4ee1-9137-2c5627b0d98d', '{"action":"login","actor_id":"9d4e645f-44a7-463e-b340-815bd66c99ed","actor_name":"marcel maier","actor_username":"mail@towlie.dev","actor_via_sso":false,"log_type":"account","traits":{"provider_type":"keycloak"}}', '2024-12-09 14:08:03.717979+00', ''),
	('00000000-0000-0000-0000-000000000000', 'f7512ffd-1e4c-4502-a94d-cc0f4f43b641', '{"action":"login","actor_id":"9d4e645f-44a7-463e-b340-815bd66c99ed","actor_name":"marcel maier","actor_username":"mail@towlie.dev","actor_via_sso":false,"log_type":"account","traits":{"provider":"keycloak"}}', '2024-12-09 14:09:33.631985+00', ''),
	('00000000-0000-0000-0000-000000000000', '00fbe30f-ea2a-4cfc-8648-b87aac1e7421', '{"action":"login","actor_id":"9d4e645f-44a7-463e-b340-815bd66c99ed","actor_name":"marcel maier","actor_username":"mail@towlie.dev","actor_via_sso":false,"log_type":"account","traits":{"provider_type":"keycloak"}}', '2024-12-09 14:09:33.996139+00', ''),
	('00000000-0000-0000-0000-000000000000', '9cc35a9b-714a-466a-92b3-519629a393ff', '{"action":"login","actor_id":"9d4e645f-44a7-463e-b340-815bd66c99ed","actor_name":"marcel maier","actor_username":"mail@towlie.dev","actor_via_sso":false,"log_type":"account","traits":{"provider":"keycloak"}}', '2024-12-09 14:11:06.623372+00', ''),
	('00000000-0000-0000-0000-000000000000', 'd9943f92-d438-4a6c-adff-c503934c0f68', '{"action":"login","actor_id":"9d4e645f-44a7-463e-b340-815bd66c99ed","actor_name":"marcel maier","actor_username":"mail@towlie.dev","actor_via_sso":false,"log_type":"account","traits":{"provider":"keycloak"}}', '2024-12-09 14:12:28.241531+00', ''),
	('00000000-0000-0000-0000-000000000000', '014145d0-1264-4821-972e-f1fc4550c7c9', '{"action":"login","actor_id":"9d4e645f-44a7-463e-b340-815bd66c99ed","actor_name":"marcel maier","actor_username":"mail@towlie.dev","actor_via_sso":false,"log_type":"account","traits":{"provider_type":"keycloak"}}', '2024-12-09 14:12:28.590513+00', ''),
	('00000000-0000-0000-0000-000000000000', 'b13df673-222d-4248-839f-80ac158987b5', '{"action":"login","actor_id":"9d4e645f-44a7-463e-b340-815bd66c99ed","actor_name":"marcel maier","actor_username":"mail@towlie.dev","actor_via_sso":false,"log_type":"account","traits":{"provider":"keycloak"}}', '2024-12-09 14:24:40.967801+00', ''),
	('00000000-0000-0000-0000-000000000000', '842a19c2-058c-412d-abab-5a4bfb9e7133', '{"action":"login","actor_id":"9d4e645f-44a7-463e-b340-815bd66c99ed","actor_name":"marcel maier","actor_username":"mail@towlie.dev","actor_via_sso":false,"log_type":"account","traits":{"provider":"keycloak"}}', '2024-12-09 14:35:30.543527+00', ''),
	('00000000-0000-0000-0000-000000000000', '16787333-9464-4ddb-9d18-7a0c44c0a4c1', '{"action":"login","actor_id":"9d4e645f-44a7-463e-b340-815bd66c99ed","actor_name":"marcel maier","actor_username":"mail@towlie.dev","actor_via_sso":false,"log_type":"account","traits":{"provider":"keycloak"}}', '2024-12-09 14:39:12.747621+00', ''),
	('00000000-0000-0000-0000-000000000000', '796d4b26-4d30-443d-9e72-8543b5787a7f', '{"action":"login","actor_id":"9d4e645f-44a7-463e-b340-815bd66c99ed","actor_name":"marcel maier","actor_username":"mail@towlie.dev","actor_via_sso":false,"log_type":"account","traits":{"provider":"keycloak"}}', '2024-12-09 14:43:37.419743+00', ''),
	('00000000-0000-0000-0000-000000000000', '8895f713-766d-45e8-bdec-50f54a340504', '{"action":"login","actor_id":"9d4e645f-44a7-463e-b340-815bd66c99ed","actor_name":"marcel maier","actor_username":"mail@towlie.dev","actor_via_sso":false,"log_type":"account","traits":{"provider":"keycloak"}}', '2024-12-09 14:43:45.215592+00', ''),
	('00000000-0000-0000-0000-000000000000', '6b17f72a-25b4-4a77-88c0-0a4d5fb367f8', '{"action":"login","actor_id":"9d4e645f-44a7-463e-b340-815bd66c99ed","actor_name":"marcel maier","actor_username":"mail@towlie.dev","actor_via_sso":false,"log_type":"account","traits":{"provider":"keycloak"}}', '2024-12-09 14:43:53.478086+00', ''),
	('00000000-0000-0000-0000-000000000000', '58f9e314-e891-42d5-8957-687f8a6f550e', '{"action":"login","actor_id":"9d4e645f-44a7-463e-b340-815bd66c99ed","actor_name":"marcel maier","actor_username":"mail@towlie.dev","actor_via_sso":false,"log_type":"account","traits":{"provider":"keycloak"}}', '2024-12-09 14:45:08.32265+00', ''),
	('00000000-0000-0000-0000-000000000000', 'a1a3130f-811b-4723-81aa-5943d7af0eed', '{"action":"login","actor_id":"9d4e645f-44a7-463e-b340-815bd66c99ed","actor_name":"marcel maier","actor_username":"mail@towlie.dev","actor_via_sso":false,"log_type":"account","traits":{"provider":"keycloak"}}', '2024-12-09 14:45:29.310706+00', ''),
	('00000000-0000-0000-0000-000000000000', '5a4c26f4-ab54-421d-acb4-e1bdbb972a97', '{"action":"login","actor_id":"9d4e645f-44a7-463e-b340-815bd66c99ed","actor_name":"marcel maier","actor_username":"mail@towlie.dev","actor_via_sso":false,"log_type":"account","traits":{"provider_type":"keycloak"}}', '2024-12-09 14:45:29.422013+00', ''),
	('00000000-0000-0000-0000-000000000000', '5e24d7aa-ca65-4c18-8680-07da6067fd0e', '{"action":"login","actor_id":"9d4e645f-44a7-463e-b340-815bd66c99ed","actor_name":"marcel maier","actor_username":"mail@towlie.dev","actor_via_sso":false,"log_type":"account","traits":{"provider":"keycloak"}}', '2024-12-09 14:48:37.880612+00', ''),
	('00000000-0000-0000-0000-000000000000', '18875340-8086-4f6b-b219-49135e2764d8', '{"action":"login","actor_id":"9d4e645f-44a7-463e-b340-815bd66c99ed","actor_name":"marcel maier","actor_username":"mail@towlie.dev","actor_via_sso":false,"log_type":"account","traits":{"provider_type":"keycloak"}}', '2024-12-09 14:48:38.241216+00', ''),
	('00000000-0000-0000-0000-000000000000', '2dcf4be8-9309-434e-98e9-12166f47d5ca', '{"action":"login","actor_id":"9d4e645f-44a7-463e-b340-815bd66c99ed","actor_name":"marcel maier","actor_username":"mail@towlie.dev","actor_via_sso":false,"log_type":"account","traits":{"provider":"keycloak"}}', '2024-12-09 14:50:46.856662+00', ''),
	('00000000-0000-0000-0000-000000000000', '38594d7b-cc83-426c-83be-6cd538e2db67', '{"action":"login","actor_id":"9d4e645f-44a7-463e-b340-815bd66c99ed","actor_name":"marcel maier","actor_username":"mail@towlie.dev","actor_via_sso":false,"log_type":"account","traits":{"provider":"keycloak"}}', '2024-12-09 14:51:07.562948+00', ''),
	('00000000-0000-0000-0000-000000000000', '7ea5687b-40fb-4d71-b11f-ed6b5de85d26', '{"action":"login","actor_id":"9d4e645f-44a7-463e-b340-815bd66c99ed","actor_name":"marcel maier","actor_username":"mail@towlie.dev","actor_via_sso":false,"log_type":"account","traits":{"provider_type":"keycloak"}}', '2024-12-09 14:51:07.656049+00', ''),
	('00000000-0000-0000-0000-000000000000', 'a25a57b0-2c49-4f56-b7c6-2688829e4950', '{"action":"user_signedup","actor_id":"e035275a-5b84-456b-a40c-04708ef1be4d","actor_name":"Pedro Barahona","actor_username":"pedro.barahona@lit-beratung.com","actor_via_sso":false,"log_type":"team","traits":{"provider":"keycloak"}}', '2024-12-09 15:24:53.864248+00', ''),
	('00000000-0000-0000-0000-000000000000', '554197a2-e022-4b16-b1f9-7d7bdfcc600c', '{"action":"login","actor_id":"e035275a-5b84-456b-a40c-04708ef1be4d","actor_name":"Pedro Barahona","actor_username":"pedro.barahona@lit-beratung.com","actor_via_sso":false,"log_type":"account","traits":{"provider_type":"keycloak"}}', '2024-12-09 15:24:53.98963+00', ''),
	('00000000-0000-0000-0000-000000000000', 'cd143e34-0070-4ea7-bcdf-9d3fb4feed91', '{"action":"token_refreshed","actor_id":"9d4e645f-44a7-463e-b340-815bd66c99ed","actor_name":"marcel maier","actor_username":"mail@towlie.dev","actor_via_sso":false,"log_type":"token"}', '2024-12-09 15:53:39.785107+00', ''),
	('00000000-0000-0000-0000-000000000000', '34900156-347a-4b20-acf4-693bba3638fa', '{"action":"token_revoked","actor_id":"9d4e645f-44a7-463e-b340-815bd66c99ed","actor_name":"marcel maier","actor_username":"mail@towlie.dev","actor_via_sso":false,"log_type":"token"}', '2024-12-09 15:53:39.785338+00', ''),
	('00000000-0000-0000-0000-000000000000', '038e7032-2146-4d5a-8558-2ac4e4e0c4ee', '{"action":"token_refreshed","actor_id":"9d4e645f-44a7-463e-b340-815bd66c99ed","actor_name":"marcel maier","actor_username":"mail@towlie.dev","actor_via_sso":false,"log_type":"token"}', '2024-12-09 15:53:39.822981+00', ''),
	('00000000-0000-0000-0000-000000000000', '1e19848d-4317-4efb-8e19-3a5b23e8d49f', '{"action":"token_refreshed","actor_id":"9d4e645f-44a7-463e-b340-815bd66c99ed","actor_name":"marcel maier","actor_username":"mail@towlie.dev","actor_via_sso":false,"log_type":"token"}', '2024-12-09 15:53:40.221312+00', ''),
	('00000000-0000-0000-0000-000000000000', '58d72702-dc1f-4b25-a925-ff4ffa0884ec', '{"action":"token_refreshed","actor_id":"9d4e645f-44a7-463e-b340-815bd66c99ed","actor_name":"marcel maier","actor_username":"mail@towlie.dev","actor_via_sso":false,"log_type":"token"}', '2024-12-09 15:53:40.236578+00', '');


--
-- Data for Name: flow_state; Type: TABLE DATA; Schema: auth; Owner: supabase_auth_admin
--

INSERT INTO "auth"."flow_state" ("id", "user_id", "auth_code", "code_challenge_method", "code_challenge", "provider_type", "provider_access_token", "provider_refresh_token", "created_at", "updated_at", "authentication_method", "auth_code_issued_at") VALUES
	('f9a39f3e-afe7-4dbc-ba2b-bdd217b145a1', '9d4e645f-44a7-463e-b340-815bd66c99ed', '7329b1ed-333c-47d9-9e88-d4ef9d9774a2', 'plain', '1f853f9af852a95bcda4fbe9346ba4aeb310c07289e8ec638b3f19e42dd6e681e835e8d04d29480a0aff5be73fb987744277af201165dfe2', 'keycloak', 'eyJhbGciOiJSUzI1NiIsInR5cCIgOiAiSldUIiwia2lkIiA6ICJXbndEZEVlZm9OcHZURmx0QXhxUXZ2bG9IeGJvVzRXRm1NVUZfR285WXFJIn0.eyJleHAiOjE3MzM3NDkyNjQsImlhdCI6MTczMzc0ODk2NCwiYXV0aF90aW1lIjoxNzMzNzQ4NjYzLCJqdGkiOiJhNTJjYzY0Yy01NWY1LTQ2MjYtOWFkNC04OTg5MzJjYTgyZjEiLCJpc3MiOiJodHRwczovL2F1dGgudG93ZWxpZS5kZXYvcmVhbG1zL3N1cGFiYXNlIiwiYXVkIjoiYWNjb3VudCIsInN1YiI6ImFhODAzNmQwLTAyNjUtNDRhZC1hNWJmLTA5M2U0ZjQ2Y2U3NyIsInR5cCI6IkJlYXJlciIsImF6cCI6InN1cGFiYXNlIiwic2Vzc2lvbl9zdGF0ZSI6IjllYWFhZjhiLTRjNTktNGZhMi05ZDI3LWFkYzhhNWVhNzI3ZiIsImFjciI6IjAiLCJhbGxvd2VkLW9yaWdpbnMiOlsiKiJdLCJyZWFsbV9hY2Nlc3MiOnsicm9sZXMiOlsib2ZmbGluZV9hY2Nlc3MiLCJkZWZhdWx0LXJvbGVzLXN1cGFiYXNlIiwidW1hX2F1dGhvcml6YXRpb24iXX0sInJlc291cmNlX2FjY2VzcyI6eyJhY2NvdW50Ijp7InJvbGVzIjpbIm1hbmFnZS1hY2NvdW50IiwibWFuYWdlLWFjY291bnQtbGlua3MiLCJ2aWV3LXByb2ZpbGUiXX19LCJzY29wZSI6Im9wZW5pZCBwcm9maWxlIGVtYWlsIiwic2lkIjoiOWVhYWFmOGItNGM1OS00ZmEyLTlkMjctYWRjOGE1ZWE3MjdmIiwiZW1haWxfdmVyaWZpZWQiOnRydWUsIm5hbWUiOiJtYXJjZWwgbWFpZXIiLCJwcmVmZXJyZWRfdXNlcm5hbWUiOiJ0b3dlbGllIiwiZ2l2ZW5fbmFtZSI6Im1hcmNlbCIsImZhbWlseV9uYW1lIjoibWFpZXIiLCJlbWFpbCI6Im1haWxAdG93bGllLmRldiJ9.Pl-lRFIXkYuDG2XmytCeV5c2XPzsRoEloCRqcThU3VsUwNV9cKXcEg6vKDvJB9kFOweBd39uFVc1FRz76P4Murq4J2NqOZ980jDY0H1gh4eKgjvYwOwOpl5PP14YuPSAsxF-hbQxbrnW75nandgdvw5o_5oJa4jy5oDarLIwzWRqUkfGtKwiQAfKOmqcLVbGPiwESUnqc8VOJhR-B2LntYZk-otwXaWqtj-RHVUP9DJ1N2Ty3Z7dZ7kdBfyO2zSR2siaNZrCUhici8xzdy6nI3vCcop9D5ZEz-tP5Nr0rqgwVCHLSSSbtrhtfSvmD_4Iy-dJ1Yy_vOMqG5ihu7GtBw', 'eyJhbGciOiJIUzI1NiIsInR5cCIgOiAiSldUIiwia2lkIiA6ICJkOTJjNGQzOS1jOTU1LTQyMjEtODQzZS1kMzk0MzJlMTkzZTEifQ.eyJleHAiOjE3MzM3NTA3NjQsImlhdCI6MTczMzc0ODk2NCwianRpIjoiODcyZjQyMjUtMjMwMy00YTc3LThmNjItNzk0ZmY4NTAyZWU5IiwiaXNzIjoiaHR0cHM6Ly9hdXRoLnRvd2VsaWUuZGV2L3JlYWxtcy9zdXBhYmFzZSIsImF1ZCI6Imh0dHBzOi8vYXV0aC50b3dlbGllLmRldi9yZWFsbXMvc3VwYWJhc2UiLCJzdWIiOiJhYTgwMzZkMC0wMjY1LTQ0YWQtYTViZi0wOTNlNGY0NmNlNzciLCJ0eXAiOiJSZWZyZXNoIiwiYXpwIjoic3VwYWJhc2UiLCJzZXNzaW9uX3N0YXRlIjoiOWVhYWFmOGItNGM1OS00ZmEyLTlkMjctYWRjOGE1ZWE3MjdmIiwic2NvcGUiOiJvcGVuaWQgcHJvZmlsZSBlbWFpbCIsInNpZCI6IjllYWFhZjhiLTRjNTktNGZhMi05ZDI3LWFkYzhhNWVhNzI3ZiJ9.g-GOoIhqVF_KgDUx1Ajp6T4e30CcyYrWIia22LY2hJI', '2024-12-09 12:56:04.0207+00', '2024-12-09 12:56:04.545889+00', 'oauth', '2024-12-09 12:56:04.545874+00'),
	('59208b7b-9ff5-45c8-822c-18f47e470619', '9d4e645f-44a7-463e-b340-815bd66c99ed', 'e2c253c2-21cb-40a9-b6d5-912ccd449628', 'plain', 'f644f709c8d10c1a990bce765dcfd057fee7ee2954c45d2b0ffe6d75b57850e1e023ff63b73fc650335407dd800907cb103432bc0ed7fa12', 'keycloak', 'eyJhbGciOiJSUzI1NiIsInR5cCIgOiAiSldUIiwia2lkIiA6ICJXbndEZEVlZm9OcHZURmx0QXhxUXZ2bG9IeGJvVzRXRm1NVUZfR285WXFJIn0.eyJleHAiOjE3MzM3NDkyODIsImlhdCI6MTczMzc0ODk4MiwiYXV0aF90aW1lIjoxNzMzNzQ4NjYzLCJqdGkiOiI1M2EzNjhjMC0wZDQ3LTQwOWUtOGY3NS1kMzcyZmJjZGQ4Y2QiLCJpc3MiOiJodHRwczovL2F1dGgudG93ZWxpZS5kZXYvcmVhbG1zL3N1cGFiYXNlIiwiYXVkIjoiYWNjb3VudCIsInN1YiI6ImFhODAzNmQwLTAyNjUtNDRhZC1hNWJmLTA5M2U0ZjQ2Y2U3NyIsInR5cCI6IkJlYXJlciIsImF6cCI6InN1cGFiYXNlIiwic2Vzc2lvbl9zdGF0ZSI6IjllYWFhZjhiLTRjNTktNGZhMi05ZDI3LWFkYzhhNWVhNzI3ZiIsImFjciI6IjAiLCJhbGxvd2VkLW9yaWdpbnMiOlsiKiJdLCJyZWFsbV9hY2Nlc3MiOnsicm9sZXMiOlsib2ZmbGluZV9hY2Nlc3MiLCJkZWZhdWx0LXJvbGVzLXN1cGFiYXNlIiwidW1hX2F1dGhvcml6YXRpb24iXX0sInJlc291cmNlX2FjY2VzcyI6eyJhY2NvdW50Ijp7InJvbGVzIjpbIm1hbmFnZS1hY2NvdW50IiwibWFuYWdlLWFjY291bnQtbGlua3MiLCJ2aWV3LXByb2ZpbGUiXX19LCJzY29wZSI6Im9wZW5pZCBwcm9maWxlIGVtYWlsIiwic2lkIjoiOWVhYWFmOGItNGM1OS00ZmEyLTlkMjctYWRjOGE1ZWE3MjdmIiwiZW1haWxfdmVyaWZpZWQiOnRydWUsIm5hbWUiOiJtYXJjZWwgbWFpZXIiLCJwcmVmZXJyZWRfdXNlcm5hbWUiOiJ0b3dlbGllIiwiZ2l2ZW5fbmFtZSI6Im1hcmNlbCIsImZhbWlseV9uYW1lIjoibWFpZXIiLCJlbWFpbCI6Im1haWxAdG93bGllLmRldiJ9.MseNgBbSO7ytUGo8h8sFFbn3QlpvW8oB1xizUu2vrj4Iy1GeYggKFbMGWItVYRQi5yuxLsR74zqnUlklZQOGvT808yMexe-5ln3ti7eu5mRUfOMho801HdK04xLn2eTR9ZlZluM2ynF0cNFixYAwAzAzzrVWVnWcLM5wPQMdqq452kq2bW_H2co5I5AU6WnyxdPlkLkxivaFfp9Y9XtRy6e2EZ9iCQbzrssLoyQBAy0VkOOcIodAGTy1GZzqDhK0zDaRvLT3PmGj7YygzRWfqL-Ih1ur0fKqHIsLH7MZDB06ViObbb4hLI5cGv711L1tLV57HfFuLTRz82mXNqGRqg', 'eyJhbGciOiJIUzI1NiIsInR5cCIgOiAiSldUIiwia2lkIiA6ICJkOTJjNGQzOS1jOTU1LTQyMjEtODQzZS1kMzk0MzJlMTkzZTEifQ.eyJleHAiOjE3MzM3NTA3ODIsImlhdCI6MTczMzc0ODk4MiwianRpIjoiZGUwZDhjYTItMTUyZS00ZjZhLTgwZDEtZjgxMjliNmEyYTFkIiwiaXNzIjoiaHR0cHM6Ly9hdXRoLnRvd2VsaWUuZGV2L3JlYWxtcy9zdXBhYmFzZSIsImF1ZCI6Imh0dHBzOi8vYXV0aC50b3dlbGllLmRldi9yZWFsbXMvc3VwYWJhc2UiLCJzdWIiOiJhYTgwMzZkMC0wMjY1LTQ0YWQtYTViZi0wOTNlNGY0NmNlNzciLCJ0eXAiOiJSZWZyZXNoIiwiYXpwIjoic3VwYWJhc2UiLCJzZXNzaW9uX3N0YXRlIjoiOWVhYWFmOGItNGM1OS00ZmEyLTlkMjctYWRjOGE1ZWE3MjdmIiwic2NvcGUiOiJvcGVuaWQgcHJvZmlsZSBlbWFpbCIsInNpZCI6IjllYWFhZjhiLTRjNTktNGZhMi05ZDI3LWFkYzhhNWVhNzI3ZiJ9.aevN8kDEOmbH-X-pQXmUaPvqrvte4ExTbcx2sddWT4s', '2024-12-09 12:56:21.911042+00', '2024-12-09 12:56:22.171307+00', 'oauth', '2024-12-09 12:56:22.171293+00'),
	('41438418-31ec-4abb-a29b-baf1a08333f9', NULL, '77ef1dc5-d19f-4a6f-ac7d-74974fa61b9e', 'plain', '5770143c6e01792f891b92d8b68688d56ff8806f0bff4e71a8e052c6145dd137f3c7459eddf01038df84c1dafd035285411b9bebd0ff235f', 'keycloak', '', '', '2024-12-09 12:56:47.344282+00', '2024-12-09 12:56:47.344282+00', 'oauth', NULL),
	('93b2a3fa-1a9b-43a6-b94f-c33f43ae8f07', '9d4e645f-44a7-463e-b340-815bd66c99ed', '1774454c-7c51-495c-bce3-42d3e7205b66', 'plain', 'b24ff0b5266a2949c6727d639117a0c1f999982b710f3743d6bf9b985c67ec2392ab21191f8f7f74b775bb1fdca6c3fbdbf0b8a6d669184e', 'keycloak', 'eyJhbGciOiJSUzI1NiIsInR5cCIgOiAiSldUIiwia2lkIiA6ICJXbndEZEVlZm9OcHZURmx0QXhxUXZ2bG9IeGJvVzRXRm1NVUZfR285WXFJIn0.eyJleHAiOjE3MzM3NDkzNjEsImlhdCI6MTczMzc0OTA2MSwiYXV0aF90aW1lIjoxNzMzNzQ3NDI3LCJqdGkiOiIzNTE0ZTYzMi1lYTIwLTRjMzAtYTZhNi05NWI2NTE5ODk4OTgiLCJpc3MiOiJodHRwczovL2F1dGgudG93ZWxpZS5kZXYvcmVhbG1zL3N1cGFiYXNlIiwiYXVkIjoiYWNjb3VudCIsInN1YiI6ImFhODAzNmQwLTAyNjUtNDRhZC1hNWJmLTA5M2U0ZjQ2Y2U3NyIsInR5cCI6IkJlYXJlciIsImF6cCI6InN1cGFiYXNlIiwic2Vzc2lvbl9zdGF0ZSI6IjkyNmRlNzJjLTAxODEtNGMwNy1iNzk5LWU0MjAyYzIwNDhiMCIsImFjciI6IjAiLCJhbGxvd2VkLW9yaWdpbnMiOlsiKiJdLCJyZWFsbV9hY2Nlc3MiOnsicm9sZXMiOlsib2ZmbGluZV9hY2Nlc3MiLCJkZWZhdWx0LXJvbGVzLXN1cGFiYXNlIiwidW1hX2F1dGhvcml6YXRpb24iXX0sInJlc291cmNlX2FjY2VzcyI6eyJhY2NvdW50Ijp7InJvbGVzIjpbIm1hbmFnZS1hY2NvdW50IiwibWFuYWdlLWFjY291bnQtbGlua3MiLCJ2aWV3LXByb2ZpbGUiXX19LCJzY29wZSI6Im9wZW5pZCBwcm9maWxlIGVtYWlsIiwic2lkIjoiOTI2ZGU3MmMtMDE4MS00YzA3LWI3OTktZTQyMDJjMjA0OGIwIiwiZW1haWxfdmVyaWZpZWQiOnRydWUsIm5hbWUiOiJtYXJjZWwgbWFpZXIiLCJwcmVmZXJyZWRfdXNlcm5hbWUiOiJ0b3dlbGllIiwiZ2l2ZW5fbmFtZSI6Im1hcmNlbCIsImZhbWlseV9uYW1lIjoibWFpZXIiLCJlbWFpbCI6Im1haWxAdG93bGllLmRldiJ9.VQntFK9jh7fHZ6yP0N7hx5XM_9LdThV4g059Dhid9FAtkCVC6VPJ2otQXT5r9YoCngIMtT_pLM8KSGgjTZvUdIekMgxPSdgswMrs-0HjDDRmkabFFiJ766cuhzn_R90czhmsRJA94C-lN6fyZPB-XM5Z9GIpp5IfB-FAxIiKaq89RY2OHYnuE3BcqS-ZUvowiaJGYP1XlKtjfgwyHSKpPXBBczCrg1EFcGtUx72YBzmtCWz7wmSbUGsEvoGtLClLS0Y5PXU3RvYhF3y4-WVLqqsq_j-yYWcxeYnG61ZVC7Qq69BrD9Y5JjQdgdZ4n-O-MYJz82fLwYsetIN7cdZ_-g', 'eyJhbGciOiJIUzI1NiIsInR5cCIgOiAiSldUIiwia2lkIiA6ICJkOTJjNGQzOS1jOTU1LTQyMjEtODQzZS1kMzk0MzJlMTkzZTEifQ.eyJleHAiOjE3MzM3NTA4NjEsImlhdCI6MTczMzc0OTA2MSwianRpIjoiOGU2MjEwOTctODYzOS00MTBhLThiZjctYTg2MzJlZWZhZTNiIiwiaXNzIjoiaHR0cHM6Ly9hdXRoLnRvd2VsaWUuZGV2L3JlYWxtcy9zdXBhYmFzZSIsImF1ZCI6Imh0dHBzOi8vYXV0aC50b3dlbGllLmRldi9yZWFsbXMvc3VwYWJhc2UiLCJzdWIiOiJhYTgwMzZkMC0wMjY1LTQ0YWQtYTViZi0wOTNlNGY0NmNlNzciLCJ0eXAiOiJSZWZyZXNoIiwiYXpwIjoic3VwYWJhc2UiLCJzZXNzaW9uX3N0YXRlIjoiOTI2ZGU3MmMtMDE4MS00YzA3LWI3OTktZTQyMDJjMjA0OGIwIiwic2NvcGUiOiJvcGVuaWQgcHJvZmlsZSBlbWFpbCIsInNpZCI6IjkyNmRlNzJjLTAxODEtNGMwNy1iNzk5LWU0MjAyYzIwNDhiMCJ9._Uk_R-8vHdqJDInRywnSffQb2qe-cUNwwm6NnQNpZBc', '2024-12-09 12:57:41.527837+00', '2024-12-09 12:57:41.846825+00', 'oauth', '2024-12-09 12:57:41.846813+00'),
	('f753c0dc-340a-4afe-8c0b-6f274638e45a', NULL, '23f3834f-19ed-4f00-96b6-684c889c3046', 'plain', '88449ec07706e2015a5de839dc879ffdb136800019ac24be0c39f51fa1bd14ce4e6313f447716d096f0185e85c0251ae576948e6c3dbd561', 'keycloak', '', '', '2024-12-09 12:58:31.599932+00', '2024-12-09 12:58:31.599932+00', 'oauth', NULL),
	('d4bc5bb2-96b3-4b9a-9db9-a497d17e1c75', NULL, '3cea3cc1-9b80-4e74-ac92-5177a1893ae1', 'plain', '43e48a4a7cae4d39a4733df0c0fc0fc6a0a7067d233dc6a7428383dc6eb8e2158dc2f95eab0f0cb1e4f78f7fb35bb0f825c96bae07cdfb00', 'keycloak', '', '', '2024-12-09 12:58:53.268376+00', '2024-12-09 12:58:53.268376+00', 'oauth', NULL),
	('5640095a-9e6f-4c59-b110-e4ffcd8a8df3', NULL, 'e4c71bd3-82b0-421a-b2dc-97ead6a82fe9', 'plain', '42059e942f8c9dfea17e9945a8d2ed6537a51da091b6301d3bbc81309de7dc239c7863c23a5dcf3e2da6cf11e6dcc7896b5f88aaee6572b9', 'keycloak', '', '', '2024-12-09 13:00:28.419338+00', '2024-12-09 13:00:28.419338+00', 'oauth', NULL),
	('a89eb026-0f6c-4cc5-9647-a3fd8a6c00d9', NULL, '2ccb4063-d261-4ac1-b4c5-29aedf39bcab', 'plain', 'dd81af274735ebcce950859e350f1852753010df89a962dc30c2cd68ef1a3f3cfed6450a4a928334692b5237178a96100f07c5f7490646fb', 'keycloak', '', '', '2024-12-09 13:01:31.831315+00', '2024-12-09 13:01:31.831315+00', 'oauth', NULL),
	('15d55a7c-8055-4209-9741-972520ba44ee', NULL, '1fc410ec-a7c8-4ace-ab70-36d5635c8c60', 'plain', 'bc4d0bf5c56025e1118f2ca2b0bef6111c2952a1ef126a1821e17569c69dd14920d03ba003943ba3cb4115632a2c1b14f042afc68ebf3c04', 'keycloak', '', '', '2024-12-09 13:06:25.164916+00', '2024-12-09 13:06:25.164916+00', 'oauth', NULL),
	('ec8513d8-c8de-4e1b-a080-6695c8804269', '9d4e645f-44a7-463e-b340-815bd66c99ed', '256cfa37-6602-4095-a4e9-bf7ebd25113a', 'plain', 'f39b588490f9aeb5a273b9826d528240fa294a92e2f752c861931306459ace42be3bb19551ac373904c09a0286de64d632071145bed3a0dd', 'keycloak', 'eyJhbGciOiJSUzI1NiIsInR5cCIgOiAiSldUIiwia2lkIiA6ICJXbndEZEVlZm9OcHZURmx0QXhxUXZ2bG9IeGJvVzRXRm1NVUZfR285WXFJIn0.eyJleHAiOjE3MzM3NTAyNTIsImlhdCI6MTczMzc0OTk1MiwiYXV0aF90aW1lIjoxNzMzNzQ5NzkzLCJqdGkiOiJhMDkwY2JlMC1jMGEyLTRhMGUtYjE4ZC05NzdlNTVkYzM2Y2YiLCJpc3MiOiJodHRwczovL2F1dGgudG93ZWxpZS5kZXYvcmVhbG1zL3N1cGFiYXNlIiwiYXVkIjoiYWNjb3VudCIsInN1YiI6ImFhODAzNmQwLTAyNjUtNDRhZC1hNWJmLTA5M2U0ZjQ2Y2U3NyIsInR5cCI6IkJlYXJlciIsImF6cCI6InN1cGFiYXNlIiwic2Vzc2lvbl9zdGF0ZSI6IjgwNmFlMzQxLWM0OTUtNDhmZi04YmM4LTllNmQ5NjRmZDg5MiIsImFjciI6IjAiLCJhbGxvd2VkLW9yaWdpbnMiOlsiKiJdLCJyZWFsbV9hY2Nlc3MiOnsicm9sZXMiOlsib2ZmbGluZV9hY2Nlc3MiLCJkZWZhdWx0LXJvbGVzLXN1cGFiYXNlIiwidW1hX2F1dGhvcml6YXRpb24iXX0sInJlc291cmNlX2FjY2VzcyI6eyJhY2NvdW50Ijp7InJvbGVzIjpbIm1hbmFnZS1hY2NvdW50IiwibWFuYWdlLWFjY291bnQtbGlua3MiLCJ2aWV3LXByb2ZpbGUiXX19LCJzY29wZSI6Im9wZW5pZCBwcm9maWxlIGVtYWlsIiwic2lkIjoiODA2YWUzNDEtYzQ5NS00OGZmLThiYzgtOWU2ZDk2NGZkODkyIiwiZW1haWxfdmVyaWZpZWQiOnRydWUsIm5hbWUiOiJtYXJjZWwgbWFpZXIiLCJwcmVmZXJyZWRfdXNlcm5hbWUiOiJ0b3dlbGllIiwiZ2l2ZW5fbmFtZSI6Im1hcmNlbCIsImZhbWlseV9uYW1lIjoibWFpZXIiLCJlbWFpbCI6Im1haWxAdG93bGllLmRldiJ9.dQGZ9DzoypEGKAP7kywvBbKqXMftoKqmm28Y7u0xXcI-PeJk9E0VpnQhpiGzJULz58FHftWpTl8slLDbgFfj_SfG0PekyYBxvyIN75WbkXBTPNPzgGoUPvku-YjgXhGQUvLIDEIBCUU_Z2Xhel8jcm5q2t-Fdmrgwq2Z9UfoSxxqA3aLspODG7zbKigU9-H-Vcdm09eGNUFUdtTm2gCSFaFkDfaFGv3ThAMN_UCS2SnGIx_Y5YV-CZveF4Nuo-t77nz-1ncsWlMjvDRfE-QW64AVCgwCakbPedkgrJfDKbkC8gK7e3QOnv1XnkQbYFFtkwrlpzperCK-92cu2PSRVA', 'eyJhbGciOiJIUzI1NiIsInR5cCIgOiAiSldUIiwia2lkIiA6ICJkOTJjNGQzOS1jOTU1LTQyMjEtODQzZS1kMzk0MzJlMTkzZTEifQ.eyJleHAiOjE3MzM3NTE3NTIsImlhdCI6MTczMzc0OTk1MiwianRpIjoiOTU1ODUwYTgtN2Y2NC00OGQ0LTgxNDUtYzljZGNlODJlYzhhIiwiaXNzIjoiaHR0cHM6Ly9hdXRoLnRvd2VsaWUuZGV2L3JlYWxtcy9zdXBhYmFzZSIsImF1ZCI6Imh0dHBzOi8vYXV0aC50b3dlbGllLmRldi9yZWFsbXMvc3VwYWJhc2UiLCJzdWIiOiJhYTgwMzZkMC0wMjY1LTQ0YWQtYTViZi0wOTNlNGY0NmNlNzciLCJ0eXAiOiJSZWZyZXNoIiwiYXpwIjoic3VwYWJhc2UiLCJzZXNzaW9uX3N0YXRlIjoiODA2YWUzNDEtYzQ5NS00OGZmLThiYzgtOWU2ZDk2NGZkODkyIiwic2NvcGUiOiJvcGVuaWQgcHJvZmlsZSBlbWFpbCIsInNpZCI6IjgwNmFlMzQxLWM0OTUtNDhmZi04YmM4LTllNmQ5NjRmZDg5MiJ9.IHRogFa5KR4frUhhZHxaGWYUosyHmya7bG4ODehdNYQ', '2024-12-09 13:09:33.346408+00', '2024-12-09 13:12:32.382113+00', 'oauth', '2024-12-09 13:12:32.382097+00'),
	('12e00b3c-7849-40e9-a0e2-a19968456f32', '9d4e645f-44a7-463e-b340-815bd66c99ed', '0e52058a-3b20-4405-81ff-9177f2505e2c', 'plain', 'ed09371228f0e159ffd618965f9ac880671ed432c232a330a167922acef73985103dec3821ee47994b412592996305efd6f36b0eb1dba4fd', 'keycloak', 'eyJhbGciOiJSUzI1NiIsInR5cCIgOiAiSldUIiwia2lkIiA6ICJXbndEZEVlZm9OcHZURmx0QXhxUXZ2bG9IeGJvVzRXRm1NVUZfR285WXFJIn0.eyJleHAiOjE3MzM3NTA1MTgsImlhdCI6MTczMzc1MDIxOCwiYXV0aF90aW1lIjoxNzMzNzQ5NzkzLCJqdGkiOiI5ZTg5MjBlYy1iMTNiLTQ3YzYtYTA5NS0zNGZiZmE0MjY4YzAiLCJpc3MiOiJodHRwczovL2F1dGgudG93ZWxpZS5kZXYvcmVhbG1zL3N1cGFiYXNlIiwiYXVkIjoiYWNjb3VudCIsInN1YiI6ImFhODAzNmQwLTAyNjUtNDRhZC1hNWJmLTA5M2U0ZjQ2Y2U3NyIsInR5cCI6IkJlYXJlciIsImF6cCI6InN1cGFiYXNlIiwic2Vzc2lvbl9zdGF0ZSI6IjgwNmFlMzQxLWM0OTUtNDhmZi04YmM4LTllNmQ5NjRmZDg5MiIsImFjciI6IjAiLCJhbGxvd2VkLW9yaWdpbnMiOlsiKiJdLCJyZWFsbV9hY2Nlc3MiOnsicm9sZXMiOlsib2ZmbGluZV9hY2Nlc3MiLCJkZWZhdWx0LXJvbGVzLXN1cGFiYXNlIiwidW1hX2F1dGhvcml6YXRpb24iXX0sInJlc291cmNlX2FjY2VzcyI6eyJhY2NvdW50Ijp7InJvbGVzIjpbIm1hbmFnZS1hY2NvdW50IiwibWFuYWdlLWFjY291bnQtbGlua3MiLCJ2aWV3LXByb2ZpbGUiXX19LCJzY29wZSI6Im9wZW5pZCBwcm9maWxlIGVtYWlsIiwic2lkIjoiODA2YWUzNDEtYzQ5NS00OGZmLThiYzgtOWU2ZDk2NGZkODkyIiwiZW1haWxfdmVyaWZpZWQiOnRydWUsIm5hbWUiOiJtYXJjZWwgbWFpZXIiLCJwcmVmZXJyZWRfdXNlcm5hbWUiOiJ0b3dlbGllIiwiZ2l2ZW5fbmFtZSI6Im1hcmNlbCIsImZhbWlseV9uYW1lIjoibWFpZXIiLCJlbWFpbCI6Im1haWxAdG93bGllLmRldiJ9.T3n9E_7yaZ9G7fWfKfc5DVZlLcXL5UvgzuKpaGfUeIHDD6PyBoxjHmbWui5RCy2Hgwrm2-BiY7DfX78poD4-BEZvBG_NJ6a3CEVA3_CaHJV5LIr1UIfr7ytNJisxheXvcG9brLIrpFHPEpDySffVN8WeHbB-NcrpsYsZJAiix0s8yBl1eaokk9VCvQNPJQwunnMvxKvzt-gqdYAryu5qHKHzi0nsfa1GT7K_2eORPZnrW9FSbkvLSa81Olz6NwxHSw-5B38jYNm8FK-lpIgMSG4MbPyoCigB7zC2R06GEDGbAFDQEfvVN5FSivoEeCAmHhbhPvNVtlWsKxkoN0pV8A', 'eyJhbGciOiJIUzI1NiIsInR5cCIgOiAiSldUIiwia2lkIiA6ICJkOTJjNGQzOS1jOTU1LTQyMjEtODQzZS1kMzk0MzJlMTkzZTEifQ.eyJleHAiOjE3MzM3NTIwMTgsImlhdCI6MTczMzc1MDIxOCwianRpIjoiY2RhMTJkYTMtMDJhMC00YTFlLTk2ZjQtN2E4NTRhM2NhYjQ5IiwiaXNzIjoiaHR0cHM6Ly9hdXRoLnRvd2VsaWUuZGV2L3JlYWxtcy9zdXBhYmFzZSIsImF1ZCI6Imh0dHBzOi8vYXV0aC50b3dlbGllLmRldi9yZWFsbXMvc3VwYWJhc2UiLCJzdWIiOiJhYTgwMzZkMC0wMjY1LTQ0YWQtYTViZi0wOTNlNGY0NmNlNzciLCJ0eXAiOiJSZWZyZXNoIiwiYXpwIjoic3VwYWJhc2UiLCJzZXNzaW9uX3N0YXRlIjoiODA2YWUzNDEtYzQ5NS00OGZmLThiYzgtOWU2ZDk2NGZkODkyIiwic2NvcGUiOiJvcGVuaWQgcHJvZmlsZSBlbWFpbCIsInNpZCI6IjgwNmFlMzQxLWM0OTUtNDhmZi04YmM4LTllNmQ5NjRmZDg5MiJ9.mFxYmryJe43nf7fODGWemrSSMGXy1nEuXgqq1PRuDjc', '2024-12-09 13:16:58.532204+00', '2024-12-09 13:16:58.946327+00', 'oauth', '2024-12-09 13:16:58.946307+00'),
	('4342ea47-0f6c-4027-9354-51ef8802f503', '9d4e645f-44a7-463e-b340-815bd66c99ed', '95286eac-4426-40f1-b91a-d1c868c3a43c', 'plain', '210c4fa4dffac2883ad6444186294814c78526b72d7fbe35d5bf2b4502e73891ad37a87ba518aa3c01ccb6c687da787b0aa05b55a2825b9b', 'keycloak', 'eyJhbGciOiJSUzI1NiIsInR5cCIgOiAiSldUIiwia2lkIiA6ICJXbndEZEVlZm9OcHZURmx0QXhxUXZ2bG9IeGJvVzRXRm1NVUZfR285WXFJIn0.eyJleHAiOjE3MzM3NTA4NjEsImlhdCI6MTczMzc1MDU2MSwiYXV0aF90aW1lIjoxNzMzNzUwNTYxLCJqdGkiOiJhYTMyNjc1Yi1kMjY5LTRiOGEtODBiOS1lMTMxMWRlN2FhN2UiLCJpc3MiOiJodHRwczovL2F1dGgudG93ZWxpZS5kZXYvcmVhbG1zL3N1cGFiYXNlIiwiYXVkIjoiYWNjb3VudCIsInN1YiI6ImFhODAzNmQwLTAyNjUtNDRhZC1hNWJmLTA5M2U0ZjQ2Y2U3NyIsInR5cCI6IkJlYXJlciIsImF6cCI6InN1cGFiYXNlIiwic2Vzc2lvbl9zdGF0ZSI6IjJiZDk2YjhhLWZhZGEtNDNlNS04MmJjLTUxOTE1YmNjNTAxNCIsImFjciI6IjEiLCJhbGxvd2VkLW9yaWdpbnMiOlsiKiJdLCJyZWFsbV9hY2Nlc3MiOnsicm9sZXMiOlsib2ZmbGluZV9hY2Nlc3MiLCJkZWZhdWx0LXJvbGVzLXN1cGFiYXNlIiwidW1hX2F1dGhvcml6YXRpb24iXX0sInJlc291cmNlX2FjY2VzcyI6eyJhY2NvdW50Ijp7InJvbGVzIjpbIm1hbmFnZS1hY2NvdW50IiwibWFuYWdlLWFjY291bnQtbGlua3MiLCJ2aWV3LXByb2ZpbGUiXX19LCJzY29wZSI6Im9wZW5pZCBwcm9maWxlIGVtYWlsIiwic2lkIjoiMmJkOTZiOGEtZmFkYS00M2U1LTgyYmMtNTE5MTViY2M1MDE0IiwiZW1haWxfdmVyaWZpZWQiOnRydWUsIm5hbWUiOiJtYXJjZWwgbWFpZXIiLCJwcmVmZXJyZWRfdXNlcm5hbWUiOiJ0b3dlbGllIiwiZ2l2ZW5fbmFtZSI6Im1hcmNlbCIsImZhbWlseV9uYW1lIjoibWFpZXIiLCJlbWFpbCI6Im1haWxAdG93bGllLmRldiJ9.Uk3Ub8vc-ZewxghKTOxB63obEWoVRmjvhzPLt4Mp5xAnnGLaaCM7sSENhIj_ci1z_seKXCWfme-SdFXS2iTRE7B_4i8cmQM0nREAeym0Q0xT7xaeoydSNknfDcG8eVfdcwwWC3l9aRtsotdMOw75NAYLl-8Ost_MHrDdAy4rwq9Ax94pQV_40VcHHZQnICnWKXwburq2_x77oBac9fgQFlNUo0UiZ0UkMdVYAYaZ0KmhXc2OxYKqRY2T6D3ke4KRbZlGLAFztOE_xuOCDpvIQdeep-vsClOGOTvBq2J54RtJ3tb-kWoAHySej0RnQ0ZOIQrCOywHqdrcmvCC6leXFw', 'eyJhbGciOiJIUzI1NiIsInR5cCIgOiAiSldUIiwia2lkIiA6ICJkOTJjNGQzOS1jOTU1LTQyMjEtODQzZS1kMzk0MzJlMTkzZTEifQ.eyJleHAiOjE3MzM3NTIzNjEsImlhdCI6MTczMzc1MDU2MSwianRpIjoiYzI2ZDEzYWItMWUzOS00ZjdhLWIzYmUtOTRkMWE5MmI2MGZmIiwiaXNzIjoiaHR0cHM6Ly9hdXRoLnRvd2VsaWUuZGV2L3JlYWxtcy9zdXBhYmFzZSIsImF1ZCI6Imh0dHBzOi8vYXV0aC50b3dlbGllLmRldi9yZWFsbXMvc3VwYWJhc2UiLCJzdWIiOiJhYTgwMzZkMC0wMjY1LTQ0YWQtYTViZi0wOTNlNGY0NmNlNzciLCJ0eXAiOiJSZWZyZXNoIiwiYXpwIjoic3VwYWJhc2UiLCJzZXNzaW9uX3N0YXRlIjoiMmJkOTZiOGEtZmFkYS00M2U1LTgyYmMtNTE5MTViY2M1MDE0Iiwic2NvcGUiOiJvcGVuaWQgcHJvZmlsZSBlbWFpbCIsInNpZCI6IjJiZDk2YjhhLWZhZGEtNDNlNS04MmJjLTUxOTE1YmNjNTAxNCJ9.Ur4P1ZlDMm5CoBUuSNMdknaBVfRoYLdoVxrPfZ4qtsE', '2024-12-09 13:22:26.472692+00', '2024-12-09 13:22:41.996101+00', 'oauth', '2024-12-09 13:22:41.996086+00'),
	('bd1114dc-f2fc-4ba8-9b17-3e920a0dc3af', '9d4e645f-44a7-463e-b340-815bd66c99ed', 'bf49daa1-4bc8-42ae-ad27-f8f3ae8629f8', 'plain', 'ba9aa40916325232ce143c58f4d2af0ff3fa06c8eeffb994b4e53b698fc0ceb926c4ff55cc2763315dd49e95ab0c46237dd27a65c22a6d23', 'keycloak', 'eyJhbGciOiJSUzI1NiIsInR5cCIgOiAiSldUIiwia2lkIiA6ICJXbndEZEVlZm9OcHZURmx0QXhxUXZ2bG9IeGJvVzRXRm1NVUZfR285WXFJIn0.eyJleHAiOjE3MzM3NTM3NjYsImlhdCI6MTczMzc1MzQ2NiwiYXV0aF90aW1lIjoxNzMzNzUzNDY2LCJqdGkiOiJmNjE4NGE2ZC00Zjc4LTRmZGItOTMwYy0zZThmNDExNjBlODQiLCJpc3MiOiJodHRwczovL2F1dGgudG93ZWxpZS5kZXYvcmVhbG1zL3N1cGFiYXNlIiwiYXVkIjoiYWNjb3VudCIsInN1YiI6ImFhODAzNmQwLTAyNjUtNDRhZC1hNWJmLTA5M2U0ZjQ2Y2U3NyIsInR5cCI6IkJlYXJlciIsImF6cCI6InN1cGFiYXNlIiwic2Vzc2lvbl9zdGF0ZSI6IjBlM2NhMDFkLTliNmQtNDhkYy05M2FjLTEwMGE4MWEwZmExNSIsImFjciI6IjEiLCJhbGxvd2VkLW9yaWdpbnMiOlsiKiJdLCJyZWFsbV9hY2Nlc3MiOnsicm9sZXMiOlsib2ZmbGluZV9hY2Nlc3MiLCJkZWZhdWx0LXJvbGVzLXN1cGFiYXNlIiwidW1hX2F1dGhvcml6YXRpb24iXX0sInJlc291cmNlX2FjY2VzcyI6eyJhY2NvdW50Ijp7InJvbGVzIjpbIm1hbmFnZS1hY2NvdW50IiwibWFuYWdlLWFjY291bnQtbGlua3MiLCJ2aWV3LXByb2ZpbGUiXX19LCJzY29wZSI6Im9wZW5pZCBwcm9maWxlIGVtYWlsIiwic2lkIjoiMGUzY2EwMWQtOWI2ZC00OGRjLTkzYWMtMTAwYTgxYTBmYTE1IiwiZW1haWxfdmVyaWZpZWQiOnRydWUsIm5hbWUiOiJtYXJjZWwgbWFpZXIiLCJwcmVmZXJyZWRfdXNlcm5hbWUiOiJ0b3dlbGllIiwiZ2l2ZW5fbmFtZSI6Im1hcmNlbCIsImZhbWlseV9uYW1lIjoibWFpZXIiLCJlbWFpbCI6Im1haWxAdG93bGllLmRldiJ9.GPTmPaEPwK_975j-m-NcKeR_XGLDjkEWOx21zNG4hgpZD--kcjqsQbOc-Pe2o6h531bAUmQdBY-GfjSyAHsc9ckSeBbMDyrjMRUyojrYjrdLKcnD7RKjcnrriAdoVK1rpJi4dPXOWi7GLj1x0dHIegoIstLqQq4BY8iH6xA8UlHXYTj13opNztVPXjkB6xTW2aWzDiQP6-Ltm5phn-k01g6OSFOPQTse55KH1HK0IXriggYJTod5-7idOGE6KiJg1KwmYU8B_tH1VHr1Wfej6kG6CXsk9nSU-cmJc-G3eyUIV3RToHX6_UIGIbFufP83semczJ0ebSgslzSybR1yHg', 'eyJhbGciOiJIUzI1NiIsInR5cCIgOiAiSldUIiwia2lkIiA6ICJkOTJjNGQzOS1jOTU1LTQyMjEtODQzZS1kMzk0MzJlMTkzZTEifQ.eyJleHAiOjE3MzM3NTUyNjYsImlhdCI6MTczMzc1MzQ2NiwianRpIjoiMDZkYzJlZjMtMDdkNC00ZGZlLWExNjktMTI3MTc3ODBjNDcwIiwiaXNzIjoiaHR0cHM6Ly9hdXRoLnRvd2VsaWUuZGV2L3JlYWxtcy9zdXBhYmFzZSIsImF1ZCI6Imh0dHBzOi8vYXV0aC50b3dlbGllLmRldi9yZWFsbXMvc3VwYWJhc2UiLCJzdWIiOiJhYTgwMzZkMC0wMjY1LTQ0YWQtYTViZi0wOTNlNGY0NmNlNzciLCJ0eXAiOiJSZWZyZXNoIiwiYXpwIjoic3VwYWJhc2UiLCJzZXNzaW9uX3N0YXRlIjoiMGUzY2EwMWQtOWI2ZC00OGRjLTkzYWMtMTAwYTgxYTBmYTE1Iiwic2NvcGUiOiJvcGVuaWQgcHJvZmlsZSBlbWFpbCIsInNpZCI6IjBlM2NhMDFkLTliNmQtNDhkYy05M2FjLTEwMGE4MWEwZmExNSJ9.IaLXJv3vOfzljkmato6lGTmTD3W-zJs_yyv2cDQG5YY', '2024-12-09 14:11:00.459411+00', '2024-12-09 14:11:06.623609+00', 'oauth', '2024-12-09 14:11:06.623597+00'),
	('bc9f1b26-b530-4946-9277-f7c48677a6c7', '9d4e645f-44a7-463e-b340-815bd66c99ed', '22766b51-d53c-4263-9ef7-75002d711396', 'plain', '7e33af57dba3672c81106c3e450d4aa176318bdcfdca1a76d6258444c406883208f2a671db73bd1cd0051d0aba6570782bef13b469cfb1db', 'keycloak', 'eyJhbGciOiJSUzI1NiIsInR5cCIgOiAiSldUIiwia2lkIiA6ICJXbndEZEVlZm9OcHZURmx0QXhxUXZ2bG9IeGJvVzRXRm1NVUZfR285WXFJIn0.eyJleHAiOjE3MzM3NTQ1ODAsImlhdCI6MTczMzc1NDI4MCwiYXV0aF90aW1lIjoxNzMzNzU0MjgwLCJqdGkiOiIxNjllNWRhNy04OWY5LTQ4YzYtYmU3My04YmVkYTE1MWQxNmQiLCJpc3MiOiJodHRwczovL2F1dGgudG93ZWxpZS5kZXYvcmVhbG1zL3N1cGFiYXNlIiwiYXVkIjoiYWNjb3VudCIsInN1YiI6ImFhODAzNmQwLTAyNjUtNDRhZC1hNWJmLTA5M2U0ZjQ2Y2U3NyIsInR5cCI6IkJlYXJlciIsImF6cCI6InN1cGFiYXNlIiwic2Vzc2lvbl9zdGF0ZSI6IjQ4ZWUyNTBjLTllZjktNDliOC05MjAwLTNiYjM4Njc5NWMzMiIsImFjciI6IjEiLCJhbGxvd2VkLW9yaWdpbnMiOlsiKiJdLCJyZWFsbV9hY2Nlc3MiOnsicm9sZXMiOlsib2ZmbGluZV9hY2Nlc3MiLCJkZWZhdWx0LXJvbGVzLXN1cGFiYXNlIiwidW1hX2F1dGhvcml6YXRpb24iXX0sInJlc291cmNlX2FjY2VzcyI6eyJhY2NvdW50Ijp7InJvbGVzIjpbIm1hbmFnZS1hY2NvdW50IiwibWFuYWdlLWFjY291bnQtbGlua3MiLCJ2aWV3LXByb2ZpbGUiXX19LCJzY29wZSI6Im9wZW5pZCBwcm9maWxlIGVtYWlsIiwic2lkIjoiNDhlZTI1MGMtOWVmOS00OWI4LTkyMDAtM2JiMzg2Nzk1YzMyIiwiZW1haWxfdmVyaWZpZWQiOnRydWUsIm5hbWUiOiJtYXJjZWwgbWFpZXIiLCJwcmVmZXJyZWRfdXNlcm5hbWUiOiJ0b3dlbGllIiwiZ2l2ZW5fbmFtZSI6Im1hcmNlbCIsImZhbWlseV9uYW1lIjoibWFpZXIiLCJlbWFpbCI6Im1haWxAdG93bGllLmRldiJ9.W_EUNYop-KsK4UOGrawGtiLfey7Sm79vo8D5c0KPU3B0wuWxaSZyhUAMaWNZgdMleXTvYWH8YA96qxULV75zfJrY2BhWS91QktPM1y9vRek8wxbRxSYSLLhJIKfyP8EJiNi78y6o7OMC3MeHcUJNxwW6LkbKTKXUd02wVM_ELyPeFW5csWoOpV5gn66VSROaoEad7Fy6v6GKt_GhiY7LFlrxZwYBLDzZn3IKpr78m9__CDP2xh2BiFFIAyrpU-WWKzo5R72MxOhQflcLtuWxoqknMENE_SM9wcfqaMSnum0FKjkT07-TRb1xpWjrnBbbZV3rdiovyy1uMOEi5Y_00Q', 'eyJhbGciOiJIUzI1NiIsInR5cCIgOiAiSldUIiwia2lkIiA6ICJkOTJjNGQzOS1jOTU1LTQyMjEtODQzZS1kMzk0MzJlMTkzZTEifQ.eyJleHAiOjE3MzM3NTYwODAsImlhdCI6MTczMzc1NDI4MCwianRpIjoiYTRhZmYxZWMtYWJmOS00ZTZjLTg4ZWQtNjAwOWJjYjRkZDAyIiwiaXNzIjoiaHR0cHM6Ly9hdXRoLnRvd2VsaWUuZGV2L3JlYWxtcy9zdXBhYmFzZSIsImF1ZCI6Imh0dHBzOi8vYXV0aC50b3dlbGllLmRldi9yZWFsbXMvc3VwYWJhc2UiLCJzdWIiOiJhYTgwMzZkMC0wMjY1LTQ0YWQtYTViZi0wOTNlNGY0NmNlNzciLCJ0eXAiOiJSZWZyZXNoIiwiYXpwIjoic3VwYWJhc2UiLCJzZXNzaW9uX3N0YXRlIjoiNDhlZTI1MGMtOWVmOS00OWI4LTkyMDAtM2JiMzg2Nzk1YzMyIiwic2NvcGUiOiJvcGVuaWQgcHJvZmlsZSBlbWFpbCIsInNpZCI6IjQ4ZWUyNTBjLTllZjktNDliOC05MjAwLTNiYjM4Njc5NWMzMiJ9.uJqoI5hP3ghC5KBFTO7IBRMynXzlYup6XIjdrBwTy2M', '2024-12-09 14:24:36.72435+00', '2024-12-09 14:24:40.968427+00', 'oauth', '2024-12-09 14:24:40.968412+00'),
	('4354110c-3b52-44cc-b1c2-017997088ab0', '9d4e645f-44a7-463e-b340-815bd66c99ed', '621ad8da-853f-4fa7-8ebc-27a75faa12fa', 'plain', '511e21d314563f0fd64dfd8548e43a0d7a283c67f79cf26e594f9301d67a5b386a0429a8ea00b82a5110df3eba24247ae092e9d7f23243d5', 'keycloak', 'eyJhbGciOiJSUzI1NiIsInR5cCIgOiAiSldUIiwia2lkIiA6ICJXbndEZEVlZm9OcHZURmx0QXhxUXZ2bG9IeGJvVzRXRm1NVUZfR285WXFJIn0.eyJleHAiOjE3MzM3NTUyMzAsImlhdCI6MTczMzc1NDkzMCwiYXV0aF90aW1lIjoxNzMzNzU0OTMwLCJqdGkiOiIxMTQ0NzA3Ny1lNmVhLTQxNWMtODY4NC05N2RkMTZlNDNhODAiLCJpc3MiOiJodHRwczovL2F1dGgudG93ZWxpZS5kZXYvcmVhbG1zL3N1cGFiYXNlIiwiYXVkIjoiYWNjb3VudCIsInN1YiI6ImFhODAzNmQwLTAyNjUtNDRhZC1hNWJmLTA5M2U0ZjQ2Y2U3NyIsInR5cCI6IkJlYXJlciIsImF6cCI6InN1cGFiYXNlIiwic2Vzc2lvbl9zdGF0ZSI6IjRkYzZjOWE4LWNkZTAtNGZiMi05OTc2LTBkNDZlZGY5ZjQ2NSIsImFjciI6IjEiLCJhbGxvd2VkLW9yaWdpbnMiOlsiKiJdLCJyZWFsbV9hY2Nlc3MiOnsicm9sZXMiOlsib2ZmbGluZV9hY2Nlc3MiLCJkZWZhdWx0LXJvbGVzLXN1cGFiYXNlIiwidW1hX2F1dGhvcml6YXRpb24iXX0sInJlc291cmNlX2FjY2VzcyI6eyJhY2NvdW50Ijp7InJvbGVzIjpbIm1hbmFnZS1hY2NvdW50IiwibWFuYWdlLWFjY291bnQtbGlua3MiLCJ2aWV3LXByb2ZpbGUiXX19LCJzY29wZSI6Im9wZW5pZCBwcm9maWxlIGVtYWlsIiwic2lkIjoiNGRjNmM5YTgtY2RlMC00ZmIyLTk5NzYtMGQ0NmVkZjlmNDY1IiwiZW1haWxfdmVyaWZpZWQiOnRydWUsIm5hbWUiOiJtYXJjZWwgbWFpZXIiLCJwcmVmZXJyZWRfdXNlcm5hbWUiOiJ0b3dlbGllIiwiZ2l2ZW5fbmFtZSI6Im1hcmNlbCIsImZhbWlseV9uYW1lIjoibWFpZXIiLCJlbWFpbCI6Im1haWxAdG93bGllLmRldiJ9.g0AXJzmY0I4jrq2w0BustEK24tXbpT8nufC81YuhUaqN_7b5GMYPj0Rptso5iF1CzgIAMkGQ2xbiFmmq3K04aXoAOk51VmO4CD484xTOJkei51ffxeWm2ksKSeRIyUXFxWyMCO1OkmZ7MzZfMW85yxgHuqKFFokNiGS7ZjRR4wkXYr8Rz3FMxPFZ18ZECRKy1X1GajjCK5V4ip27QwgjPlF6sbyabX0pq8khYqPGCSiR18PF6qdLONAmyFPDWoOwGLOL6VCAqSyvuTzvqzVZ-Dj1hpp9c4TQjZSky3wFUju68HKi66qI2xZyqDf86Dfa-TyL1rh3k5DVqf8jQiNj9g', 'eyJhbGciOiJIUzI1NiIsInR5cCIgOiAiSldUIiwia2lkIiA6ICJkOTJjNGQzOS1jOTU1LTQyMjEtODQzZS1kMzk0MzJlMTkzZTEifQ.eyJleHAiOjE3MzM3NTY3MzAsImlhdCI6MTczMzc1NDkzMCwianRpIjoiZDU1ODRkYzItOWY0Yy00NGU5LTk2NWMtZjgxOTNiYzE5NjFmIiwiaXNzIjoiaHR0cHM6Ly9hdXRoLnRvd2VsaWUuZGV2L3JlYWxtcy9zdXBhYmFzZSIsImF1ZCI6Imh0dHBzOi8vYXV0aC50b3dlbGllLmRldi9yZWFsbXMvc3VwYWJhc2UiLCJzdWIiOiJhYTgwMzZkMC0wMjY1LTQ0YWQtYTViZi0wOTNlNGY0NmNlNzciLCJ0eXAiOiJSZWZyZXNoIiwiYXpwIjoic3VwYWJhc2UiLCJzZXNzaW9uX3N0YXRlIjoiNGRjNmM5YTgtY2RlMC00ZmIyLTk5NzYtMGQ0NmVkZjlmNDY1Iiwic2NvcGUiOiJvcGVuaWQgcHJvZmlsZSBlbWFpbCIsInNpZCI6IjRkYzZjOWE4LWNkZTAtNGZiMi05OTc2LTBkNDZlZGY5ZjQ2NSJ9._b_J26RstxLqvvnORhSRqOKp9SVFfkn-pgxg0ICI3d0', '2024-12-09 14:35:24.326927+00', '2024-12-09 14:35:30.54397+00', 'oauth', '2024-12-09 14:35:30.543957+00'),
	('6d72ac7c-fb9d-46bb-9e98-711abf635dde', '9d4e645f-44a7-463e-b340-815bd66c99ed', '3a60bb37-3ca6-4106-9e2b-0843b5c82dcf', 'plain', '1d33f1a829975e99c3fffe69b95f0c4b01a5220d2873746846d488633a374f60e4a715b20062f8e11a9b6003bd1eca39c0c32ecbef07e223', 'keycloak', 'eyJhbGciOiJSUzI1NiIsInR5cCIgOiAiSldUIiwia2lkIiA6ICJXbndEZEVlZm9OcHZURmx0QXhxUXZ2bG9IeGJvVzRXRm1NVUZfR285WXFJIn0.eyJleHAiOjE3MzM3NTU0NTIsImlhdCI6MTczMzc1NTE1MiwiYXV0aF90aW1lIjoxNzMzNzU1MTUyLCJqdGkiOiI3MzYzMjc3ZS1lOTA1LTQyYTUtOTMxYy01MzhkMGQ2YTA4MzUiLCJpc3MiOiJodHRwczovL2F1dGgudG93ZWxpZS5kZXYvcmVhbG1zL3N1cGFiYXNlIiwiYXVkIjoiYWNjb3VudCIsInN1YiI6ImFhODAzNmQwLTAyNjUtNDRhZC1hNWJmLTA5M2U0ZjQ2Y2U3NyIsInR5cCI6IkJlYXJlciIsImF6cCI6InN1cGFiYXNlIiwic2Vzc2lvbl9zdGF0ZSI6IjM3ZTQ0MTEzLWZkMWItNDNlOC1iZmFkLWZkM2QxODM3ZDA4OSIsImFjciI6IjEiLCJhbGxvd2VkLW9yaWdpbnMiOlsiKiJdLCJyZWFsbV9hY2Nlc3MiOnsicm9sZXMiOlsib2ZmbGluZV9hY2Nlc3MiLCJkZWZhdWx0LXJvbGVzLXN1cGFiYXNlIiwidW1hX2F1dGhvcml6YXRpb24iXX0sInJlc291cmNlX2FjY2VzcyI6eyJhY2NvdW50Ijp7InJvbGVzIjpbIm1hbmFnZS1hY2NvdW50IiwibWFuYWdlLWFjY291bnQtbGlua3MiLCJ2aWV3LXByb2ZpbGUiXX19LCJzY29wZSI6Im9wZW5pZCBwcm9maWxlIGVtYWlsIiwic2lkIjoiMzdlNDQxMTMtZmQxYi00M2U4LWJmYWQtZmQzZDE4MzdkMDg5IiwiZW1haWxfdmVyaWZpZWQiOnRydWUsIm5hbWUiOiJtYXJjZWwgbWFpZXIiLCJwcmVmZXJyZWRfdXNlcm5hbWUiOiJ0b3dlbGllIiwiZ2l2ZW5fbmFtZSI6Im1hcmNlbCIsImZhbWlseV9uYW1lIjoibWFpZXIiLCJlbWFpbCI6Im1haWxAdG93bGllLmRldiJ9.BK89qTKL1Ad_bCzzMqPTmDW-1ln1t96qOnq8ZWp_U_ZAdWwjhsv3C12anxs4Lvea3bgR0UYKts1K9HKu-fSwqrFI8mCZDeTQGGTrNto0RFFqIGnZooxpfDmyLhNXlXxwdFWeFmlAyIjJziAsqB9vK3gFBZEja6h73C5Z85HQE7RF80cCqE8fnEIPvXber69T1qgPFlkUaXa76fqAre4LYF-4arfyzdq5Z6Kvu0fTF0vbQMKAGDSej4O3kRCv3rJu3Nwd5564fDwU1WKCIMev6NT_fx_SWBQnyKCceYYV9njhAt3crWel5ViiSumLZemhRfv1nPJ_uGDSIqIpOS53mQ', 'eyJhbGciOiJIUzI1NiIsInR5cCIgOiAiSldUIiwia2lkIiA6ICJkOTJjNGQzOS1jOTU1LTQyMjEtODQzZS1kMzk0MzJlMTkzZTEifQ.eyJleHAiOjE3MzM3NTY5NTIsImlhdCI6MTczMzc1NTE1MiwianRpIjoiZTY0MTEzYzMtNmRjZS00NTU1LWIwZjktNzFkNWI3NjQ4MDM3IiwiaXNzIjoiaHR0cHM6Ly9hdXRoLnRvd2VsaWUuZGV2L3JlYWxtcy9zdXBhYmFzZSIsImF1ZCI6Imh0dHBzOi8vYXV0aC50b3dlbGllLmRldi9yZWFsbXMvc3VwYWJhc2UiLCJzdWIiOiJhYTgwMzZkMC0wMjY1LTQ0YWQtYTViZi0wOTNlNGY0NmNlNzciLCJ0eXAiOiJSZWZyZXNoIiwiYXpwIjoic3VwYWJhc2UiLCJzZXNzaW9uX3N0YXRlIjoiMzdlNDQxMTMtZmQxYi00M2U4LWJmYWQtZmQzZDE4MzdkMDg5Iiwic2NvcGUiOiJvcGVuaWQgcHJvZmlsZSBlbWFpbCIsInNpZCI6IjM3ZTQ0MTEzLWZkMWItNDNlOC1iZmFkLWZkM2QxODM3ZDA4OSJ9.wI7XCwlODvx33YVjrVKGIsL2ScGdLUHPYyZJivT9R6Q', '2024-12-09 14:39:08.282449+00', '2024-12-09 14:39:12.747868+00', 'oauth', '2024-12-09 14:39:12.747856+00'),
	('850cb46b-fcbb-4008-92b5-63481a62596a', '9d4e645f-44a7-463e-b340-815bd66c99ed', '00a75c36-2709-4a2b-9c8e-fd1ac8c6110b', 'plain', 'c362d796632053fafd8bf8472bc42ed4bc9c70197d930be74b0b1659e6ba70b132d1755577a03f4f1951b4624517ee008647def96729e009', 'keycloak', 'eyJhbGciOiJSUzI1NiIsInR5cCIgOiAiSldUIiwia2lkIiA6ICJXbndEZEVlZm9OcHZURmx0QXhxUXZ2bG9IeGJvVzRXRm1NVUZfR285WXFJIn0.eyJleHAiOjE3MzM3NTU3MjUsImlhdCI6MTczMzc1NTQyNSwiYXV0aF90aW1lIjoxNzMzNzU1NDE3LCJqdGkiOiI2MmI5NzIzNC0xNmQ1LTRkMzYtODJkMi1kODMwMzY5MTcwNWIiLCJpc3MiOiJodHRwczovL2F1dGgudG93ZWxpZS5kZXYvcmVhbG1zL3N1cGFiYXNlIiwiYXVkIjoiYWNjb3VudCIsInN1YiI6ImFhODAzNmQwLTAyNjUtNDRhZC1hNWJmLTA5M2U0ZjQ2Y2U3NyIsInR5cCI6IkJlYXJlciIsImF6cCI6InN1cGFiYXNlIiwic2Vzc2lvbl9zdGF0ZSI6IjhkMjQ2ZTMxLTU3YjAtNGMxNi1iZTU2LThjODU0ZDEyNmQ0NCIsImFjciI6IjAiLCJhbGxvd2VkLW9yaWdpbnMiOlsiKiJdLCJyZWFsbV9hY2Nlc3MiOnsicm9sZXMiOlsib2ZmbGluZV9hY2Nlc3MiLCJkZWZhdWx0LXJvbGVzLXN1cGFiYXNlIiwidW1hX2F1dGhvcml6YXRpb24iXX0sInJlc291cmNlX2FjY2VzcyI6eyJhY2NvdW50Ijp7InJvbGVzIjpbIm1hbmFnZS1hY2NvdW50IiwibWFuYWdlLWFjY291bnQtbGlua3MiLCJ2aWV3LXByb2ZpbGUiXX19LCJzY29wZSI6Im9wZW5pZCBwcm9maWxlIGVtYWlsIiwic2lkIjoiOGQyNDZlMzEtNTdiMC00YzE2LWJlNTYtOGM4NTRkMTI2ZDQ0IiwiZW1haWxfdmVyaWZpZWQiOnRydWUsIm5hbWUiOiJtYXJjZWwgbWFpZXIiLCJwcmVmZXJyZWRfdXNlcm5hbWUiOiJ0b3dlbGllIiwiZ2l2ZW5fbmFtZSI6Im1hcmNlbCIsImZhbWlseV9uYW1lIjoibWFpZXIiLCJlbWFpbCI6Im1haWxAdG93bGllLmRldiJ9.P-JDve2CG0Dp1QE2hDoU-8d3V7TMhg6hCE7SgTVMEbQ2GNoxbdirelJ7wYVlyx7yiLps8qM3iPXO38uIpxMrQARMAxWYrVMPgtiM5QaEBWwFoabTtf8rNbZqNnbv02ctHXyoPEagy16JUp4y8E60DpIvXtYpT4wA3oF4qHgI85xQ7DcEZHQRlywD2XybLVR5MyDTSAhyOPi6pK5DiUdeEt4EIbjtrcsqi-V3vRbU82aY1uwCEFTAt7SzDWjMqTNndS0CnPj5V5Yty30vC439GFwuOc9PwwNJuZY5QUztEt3Szjl1NAY3Q7AC941qBAtAc7tUJtbOKB0Sgqcj_BuQ5g', 'eyJhbGciOiJIUzI1NiIsInR5cCIgOiAiSldUIiwia2lkIiA6ICJkOTJjNGQzOS1jOTU1LTQyMjEtODQzZS1kMzk0MzJlMTkzZTEifQ.eyJleHAiOjE3MzM3NTcyMjUsImlhdCI6MTczMzc1NTQyNSwianRpIjoiZGFjNjZhOGYtMTU1MS00NjkyLTgwYTItYjhlMDFiMTM3NmZiIiwiaXNzIjoiaHR0cHM6Ly9hdXRoLnRvd2VsaWUuZGV2L3JlYWxtcy9zdXBhYmFzZSIsImF1ZCI6Imh0dHBzOi8vYXV0aC50b3dlbGllLmRldi9yZWFsbXMvc3VwYWJhc2UiLCJzdWIiOiJhYTgwMzZkMC0wMjY1LTQ0YWQtYTViZi0wOTNlNGY0NmNlNzciLCJ0eXAiOiJSZWZyZXNoIiwiYXpwIjoic3VwYWJhc2UiLCJzZXNzaW9uX3N0YXRlIjoiOGQyNDZlMzEtNTdiMC00YzE2LWJlNTYtOGM4NTRkMTI2ZDQ0Iiwic2NvcGUiOiJvcGVuaWQgcHJvZmlsZSBlbWFpbCIsInNpZCI6IjhkMjQ2ZTMxLTU3YjAtNGMxNi1iZTU2LThjODU0ZDEyNmQ0NCJ9.7DLdDuhA1ci-F4-lBpsi2oezDvGCk-Kmwpz1dcoAWx8', '2024-12-09 14:43:44.965792+00', '2024-12-09 14:43:45.215765+00', 'oauth', '2024-12-09 14:43:45.215753+00'),
	('d7c48990-88ce-42e3-8604-d34a469dad43', '9d4e645f-44a7-463e-b340-815bd66c99ed', '46e71969-1d32-4fcf-99b9-7e288c44c4a9', 'plain', '426fa21ec63c5f92e5d1c6e74fb9db00ee9799119213259e273142a419501ae680af04328a7f59cff3f1ae47bc41063697fd8b1637430fdc', 'keycloak', 'eyJhbGciOiJSUzI1NiIsInR5cCIgOiAiSldUIiwia2lkIiA6ICJXbndEZEVlZm9OcHZURmx0QXhxUXZ2bG9IeGJvVzRXRm1NVUZfR285WXFJIn0.eyJleHAiOjE3MzM3NTU3MzMsImlhdCI6MTczMzc1NTQzMywiYXV0aF90aW1lIjoxNzMzNzU1NDE3LCJqdGkiOiI4ZjQxN2ZlZC00YTk3LTQyMGQtOGJmMy0yYmQ4ZTI4YTI4OTkiLCJpc3MiOiJodHRwczovL2F1dGgudG93ZWxpZS5kZXYvcmVhbG1zL3N1cGFiYXNlIiwiYXVkIjoiYWNjb3VudCIsInN1YiI6ImFhODAzNmQwLTAyNjUtNDRhZC1hNWJmLTA5M2U0ZjQ2Y2U3NyIsInR5cCI6IkJlYXJlciIsImF6cCI6InN1cGFiYXNlIiwic2Vzc2lvbl9zdGF0ZSI6IjhkMjQ2ZTMxLTU3YjAtNGMxNi1iZTU2LThjODU0ZDEyNmQ0NCIsImFjciI6IjAiLCJhbGxvd2VkLW9yaWdpbnMiOlsiKiJdLCJyZWFsbV9hY2Nlc3MiOnsicm9sZXMiOlsib2ZmbGluZV9hY2Nlc3MiLCJkZWZhdWx0LXJvbGVzLXN1cGFiYXNlIiwidW1hX2F1dGhvcml6YXRpb24iXX0sInJlc291cmNlX2FjY2VzcyI6eyJhY2NvdW50Ijp7InJvbGVzIjpbIm1hbmFnZS1hY2NvdW50IiwibWFuYWdlLWFjY291bnQtbGlua3MiLCJ2aWV3LXByb2ZpbGUiXX19LCJzY29wZSI6Im9wZW5pZCBwcm9maWxlIGVtYWlsIiwic2lkIjoiOGQyNDZlMzEtNTdiMC00YzE2LWJlNTYtOGM4NTRkMTI2ZDQ0IiwiZW1haWxfdmVyaWZpZWQiOnRydWUsIm5hbWUiOiJtYXJjZWwgbWFpZXIiLCJwcmVmZXJyZWRfdXNlcm5hbWUiOiJ0b3dlbGllIiwiZ2l2ZW5fbmFtZSI6Im1hcmNlbCIsImZhbWlseV9uYW1lIjoibWFpZXIiLCJlbWFpbCI6Im1haWxAdG93bGllLmRldiJ9.V4bZ7RW4PfC6Ko16ZnPKRO2VnBMRwudr4AaeDmivaJ96lH3EiytG9qiQu2tSq5TV7hXp5O-DhhT0hHx6I3pnCmgM9iDtf4anIdaie3IEvniynb3TJ2-pdZf8g8vUuxETPpJJNqlT_oP-wzy1etkej78Vuq3hDqDIE3kF8xr6Gz27g8MHWh8-1Bd2TNu031_CFNB6nHI8yH5MWUIg3lZ-N3RSeCkJctp8MU94Gz5rIKou89QZ_SvrOcNFXz3mANNrLDFkhe32F2_yQCEXy5fWwrhyvYWXAvUOif2uABxzGEaCpQRrjqjwskx2M7DAI2J89PMsSCU-3KHatJvEKzZSmQ', 'eyJhbGciOiJIUzI1NiIsInR5cCIgOiAiSldUIiwia2lkIiA6ICJkOTJjNGQzOS1jOTU1LTQyMjEtODQzZS1kMzk0MzJlMTkzZTEifQ.eyJleHAiOjE3MzM3NTcyMzMsImlhdCI6MTczMzc1NTQzMywianRpIjoiMjM0YjA2YWUtMjcwMy00MThiLWE2OWItMmE3MWNiYmY1MGExIiwiaXNzIjoiaHR0cHM6Ly9hdXRoLnRvd2VsaWUuZGV2L3JlYWxtcy9zdXBhYmFzZSIsImF1ZCI6Imh0dHBzOi8vYXV0aC50b3dlbGllLmRldi9yZWFsbXMvc3VwYWJhc2UiLCJzdWIiOiJhYTgwMzZkMC0wMjY1LTQ0YWQtYTViZi0wOTNlNGY0NmNlNzciLCJ0eXAiOiJSZWZyZXNoIiwiYXpwIjoic3VwYWJhc2UiLCJzZXNzaW9uX3N0YXRlIjoiOGQyNDZlMzEtNTdiMC00YzE2LWJlNTYtOGM4NTRkMTI2ZDQ0Iiwic2NvcGUiOiJvcGVuaWQgcHJvZmlsZSBlbWFpbCIsInNpZCI6IjhkMjQ2ZTMxLTU3YjAtNGMxNi1iZTU2LThjODU0ZDEyNmQ0NCJ9.N__F4xnmAqLPMEsyzyRTR8yoHdLta-LSrbEOIa4DA9A', '2024-12-09 14:43:31.939113+00', '2024-12-09 14:43:53.478327+00', 'oauth', '2024-12-09 14:43:53.478315+00'),
	('23ac6839-1d82-40cf-a6ce-1ea183e24b90', '9d4e645f-44a7-463e-b340-815bd66c99ed', '4e2107b3-34a9-4af2-9d00-cffba0af28ee', 'plain', '5e51305fa830c9931187992dbfae349406618c75e41041c92c8150413f9d5af409b0a0fea416589dbb8ba0d46a25845b32e8799d45f6d945', 'keycloak', 'eyJhbGciOiJSUzI1NiIsInR5cCIgOiAiSldUIiwia2lkIiA6ICJXbndEZEVlZm9OcHZURmx0QXhxUXZ2bG9IeGJvVzRXRm1NVUZfR285WXFJIn0.eyJleHAiOjE3MzM3NTU4MDgsImlhdCI6MTczMzc1NTUwOCwiYXV0aF90aW1lIjoxNzMzNzU1NTA4LCJqdGkiOiJkYjc4NjRhYS0wMzgxLTRlODItYmE1ZC02MzI2ZGE2YWUyOTUiLCJpc3MiOiJodHRwczovL2F1dGgudG93ZWxpZS5kZXYvcmVhbG1zL3N1cGFiYXNlIiwiYXVkIjoiYWNjb3VudCIsInN1YiI6ImFhODAzNmQwLTAyNjUtNDRhZC1hNWJmLTA5M2U0ZjQ2Y2U3NyIsInR5cCI6IkJlYXJlciIsImF6cCI6InN1cGFiYXNlIiwic2Vzc2lvbl9zdGF0ZSI6IjYzNDQwODFkLTQ5ZTItNDkxYi1hNDQ2LTEyYzVhNGRmZmE2YiIsImFjciI6IjEiLCJhbGxvd2VkLW9yaWdpbnMiOlsiKiJdLCJyZWFsbV9hY2Nlc3MiOnsicm9sZXMiOlsib2ZmbGluZV9hY2Nlc3MiLCJkZWZhdWx0LXJvbGVzLXN1cGFiYXNlIiwidW1hX2F1dGhvcml6YXRpb24iXX0sInJlc291cmNlX2FjY2VzcyI6eyJhY2NvdW50Ijp7InJvbGVzIjpbIm1hbmFnZS1hY2NvdW50IiwibWFuYWdlLWFjY291bnQtbGlua3MiLCJ2aWV3LXByb2ZpbGUiXX19LCJzY29wZSI6Im9wZW5pZCBwcm9maWxlIGVtYWlsIiwic2lkIjoiNjM0NDA4MWQtNDllMi00OTFiLWE0NDYtMTJjNWE0ZGZmYTZiIiwiZW1haWxfdmVyaWZpZWQiOnRydWUsIm5hbWUiOiJtYXJjZWwgbWFpZXIiLCJwcmVmZXJyZWRfdXNlcm5hbWUiOiJ0b3dlbGllIiwiZ2l2ZW5fbmFtZSI6Im1hcmNlbCIsImZhbWlseV9uYW1lIjoibWFpZXIiLCJlbWFpbCI6Im1haWxAdG93bGllLmRldiJ9.AW1k2aQ--h9YbenRR4x31u1vojfuNxbh4MbqDiwLONxsUo_4TwSuIIx1l3pjeN5BcY4_rHgJ5K_EkvgjVayvp741ZorVgM_XBa7JglUAeydMPauzpl3fJW8BQl58j1f26FVxq8ZmKe7v20tafCfNVLiXPkCGDOF_LoLuPKEL50oKIA9hWgtJkVFdlZkn-mF8Gms6aD468oV1pB6jp-P9J0SycnUo5gNijNmuIa9eAALOXIvNWU7AV-JQGfSjRQyHC2Xh1_o8U_K4HJ3UPjf8Ghh-224Rw1L-AWk2akWrS3fJ0gLDQdMpE8U1j-JmBhuCy59G3SIBGagmyUo2VGk-kw', 'eyJhbGciOiJIUzI1NiIsInR5cCIgOiAiSldUIiwia2lkIiA6ICJkOTJjNGQzOS1jOTU1LTQyMjEtODQzZS1kMzk0MzJlMTkzZTEifQ.eyJleHAiOjE3MzM3NTczMDgsImlhdCI6MTczMzc1NTUwOCwianRpIjoiMTEzZTA5MmMtNTBmMi00NDkwLTlkNWYtMzk2ZDc1Yzc0ZTA4IiwiaXNzIjoiaHR0cHM6Ly9hdXRoLnRvd2VsaWUuZGV2L3JlYWxtcy9zdXBhYmFzZSIsImF1ZCI6Imh0dHBzOi8vYXV0aC50b3dlbGllLmRldi9yZWFsbXMvc3VwYWJhc2UiLCJzdWIiOiJhYTgwMzZkMC0wMjY1LTQ0YWQtYTViZi0wOTNlNGY0NmNlNzciLCJ0eXAiOiJSZWZyZXNoIiwiYXpwIjoic3VwYWJhc2UiLCJzZXNzaW9uX3N0YXRlIjoiNjM0NDA4MWQtNDllMi00OTFiLWE0NDYtMTJjNWE0ZGZmYTZiIiwic2NvcGUiOiJvcGVuaWQgcHJvZmlsZSBlbWFpbCIsInNpZCI6IjYzNDQwODFkLTQ5ZTItNDkxYi1hNDQ2LTEyYzVhNGRmZmE2YiJ9._y0OZduozTSLu8GNbC7tMBaJmgFJGjps-qjWTbVR8zQ', '2024-12-09 14:44:59.536814+00', '2024-12-09 14:45:08.322829+00', 'oauth', '2024-12-09 14:45:08.322816+00'),
	('2d49e248-5485-46bd-b4ea-67c471a8761d', '9d4e645f-44a7-463e-b340-815bd66c99ed', '9b5a5344-4319-410c-a8f7-5ca60887494f', 'plain', '70d1884ddd4defa6383333b9fbcbebf8ed49ceabf65625c5259f08d578b6edc68e2bf83d559461b950e3cdda9ed8b21d3c9e24e06ad63c69', 'keycloak', 'eyJhbGciOiJSUzI1NiIsInR5cCIgOiAiSldUIiwia2lkIiA6ICJXbndEZEVlZm9OcHZURmx0QXhxUXZ2bG9IeGJvVzRXRm1NVUZfR285WXFJIn0.eyJleHAiOjE3MzM3NTYxNDYsImlhdCI6MTczMzc1NTg0NiwiYXV0aF90aW1lIjoxNzMzNzU1ODQ2LCJqdGkiOiJjN2VmNzAwYy02ZTFjLTQyNWEtYTdhYS1lN2M5YTNlN2YyNTgiLCJpc3MiOiJodHRwczovL2F1dGgudG93ZWxpZS5kZXYvcmVhbG1zL3N1cGFiYXNlIiwiYXVkIjoiYWNjb3VudCIsInN1YiI6ImFhODAzNmQwLTAyNjUtNDRhZC1hNWJmLTA5M2U0ZjQ2Y2U3NyIsInR5cCI6IkJlYXJlciIsImF6cCI6InN1cGFiYXNlIiwic2Vzc2lvbl9zdGF0ZSI6ImNhODk5NDRmLWY1ZmUtNGZlNS1hMjZjLTA0NzE1MDJiM2Q0OCIsImFjciI6IjEiLCJhbGxvd2VkLW9yaWdpbnMiOlsiKiJdLCJyZWFsbV9hY2Nlc3MiOnsicm9sZXMiOlsib2ZmbGluZV9hY2Nlc3MiLCJkZWZhdWx0LXJvbGVzLXN1cGFiYXNlIiwidW1hX2F1dGhvcml6YXRpb24iXX0sInJlc291cmNlX2FjY2VzcyI6eyJhY2NvdW50Ijp7InJvbGVzIjpbIm1hbmFnZS1hY2NvdW50IiwibWFuYWdlLWFjY291bnQtbGlua3MiLCJ2aWV3LXByb2ZpbGUiXX19LCJzY29wZSI6Im9wZW5pZCBwcm9maWxlIGVtYWlsIiwic2lkIjoiY2E4OTk0NGYtZjVmZS00ZmU1LWEyNmMtMDQ3MTUwMmIzZDQ4IiwiZW1haWxfdmVyaWZpZWQiOnRydWUsIm5hbWUiOiJtYXJjZWwgbWFpZXIiLCJwcmVmZXJyZWRfdXNlcm5hbWUiOiJ0b3dlbGllIiwiZ2l2ZW5fbmFtZSI6Im1hcmNlbCIsImZhbWlseV9uYW1lIjoibWFpZXIiLCJlbWFpbCI6Im1haWxAdG93bGllLmRldiJ9.OqQ0r6ahT1vWCYPN1s0O4bZkdR9WTM5mr58XU3d0AcQ4HNJakYEfR3zRrMLK_mdKh6k7Yk8NC-iSNf5-J_LzdO4kQ9jO2K5smIK3OH7OF5WQkut555I2VlDC4N9rw9EfGme-BRm5K9HYucRXwWygQGTkmds0yO4WyvEu3etVvCtWnUerKSDqUAOwfvEeWl9cUJL6LZp4V8ARv57Lj_iqShPL-7pXCzGkdONl_rKfYAkpGwC4WB0FMGSxXb6wFrnhE60roxdc5XT6wlf5KJ6yKPMuWwwbkw_1jdAocXcFrI-2i0DFBz765bUevtvLu692fvatoQKw4yggqQDuo9oDmg', 'eyJhbGciOiJIUzI1NiIsInR5cCIgOiAiSldUIiwia2lkIiA6ICJkOTJjNGQzOS1jOTU1LTQyMjEtODQzZS1kMzk0MzJlMTkzZTEifQ.eyJleHAiOjE3MzM3NTc2NDYsImlhdCI6MTczMzc1NTg0NiwianRpIjoiNThjYzAzZDUtZmIyYi00OGQxLWI3NDktYzQ4ZDU1OGVjZmQ2IiwiaXNzIjoiaHR0cHM6Ly9hdXRoLnRvd2VsaWUuZGV2L3JlYWxtcy9zdXBhYmFzZSIsImF1ZCI6Imh0dHBzOi8vYXV0aC50b3dlbGllLmRldi9yZWFsbXMvc3VwYWJhc2UiLCJzdWIiOiJhYTgwMzZkMC0wMjY1LTQ0YWQtYTViZi0wOTNlNGY0NmNlNzciLCJ0eXAiOiJSZWZyZXNoIiwiYXpwIjoic3VwYWJhc2UiLCJzZXNzaW9uX3N0YXRlIjoiY2E4OTk0NGYtZjVmZS00ZmU1LWEyNmMtMDQ3MTUwMmIzZDQ4Iiwic2NvcGUiOiJvcGVuaWQgcHJvZmlsZSBlbWFpbCIsInNpZCI6ImNhODk5NDRmLWY1ZmUtNGZlNS1hMjZjLTA0NzE1MDJiM2Q0OCJ9.Q-mZmLjQo0ZCbtrbO87mTEuKTsq0xOR1TWLTjpuupoE', '2024-12-09 14:50:41.505908+00', '2024-12-09 14:50:46.856856+00', 'oauth', '2024-12-09 14:50:46.856824+00');


--
-- Data for Name: users; Type: TABLE DATA; Schema: auth; Owner: supabase_auth_admin
--

INSERT INTO "auth"."users" ("instance_id", "id", "aud", "role", "email", "encrypted_password", "email_confirmed_at", "invited_at", "confirmation_token", "confirmation_sent_at", "recovery_token", "recovery_sent_at", "email_change_token_new", "email_change", "email_change_sent_at", "last_sign_in_at", "raw_app_meta_data", "raw_user_meta_data", "is_super_admin", "created_at", "updated_at", "phone", "phone_confirmed_at", "phone_change", "phone_change_token", "phone_change_sent_at", "email_change_token_current", "email_change_confirm_status", "banned_until", "reauthentication_token", "reauthentication_sent_at", "is_sso_user", "deleted_at", "is_anonymous") VALUES
	('00000000-0000-0000-0000-000000000000', 'e035275a-5b84-456b-a40c-04708ef1be4d', 'authenticated', 'authenticated', 'pedro.barahona@lit-beratung.com', NULL, '2024-12-09 15:24:53.86441+00', NULL, '', NULL, '', NULL, '', '', NULL, '2024-12-09 15:24:53.989853+00', '{"provider": "keycloak", "providers": ["keycloak"]}', '{"iss": "https://auth.towelie.dev/realms/supabase", "sub": "6022f188-4864-4c8f-99d2-67afceda024b", "name": "Pedro Barahona", "email": "pedro.barahona@lit-beratung.com", "full_name": "Pedro Barahona", "provider_id": "6022f188-4864-4c8f-99d2-67afceda024b", "email_verified": true, "phone_verified": false}', NULL, '2024-12-09 15:24:53.860561+00', '2024-12-09 15:24:53.990612+00', NULL, NULL, '', '', NULL, '', 0, NULL, '', NULL, false, NULL, false),
	('00000000-0000-0000-0000-000000000000', '9d4e645f-44a7-463e-b340-815bd66c99ed', 'authenticated', 'authenticated', 'mail@towlie.dev', NULL, '2024-12-09 12:51:04.277525+00', NULL, '', NULL, '', NULL, '', '', NULL, '2024-12-09 14:51:07.656255+00', '{"provider": "keycloak", "providers": ["keycloak"]}', '{"iss": "https://auth.towelie.dev/realms/supabase", "sub": "aa8036d0-0265-44ad-a5bf-093e4f46ce77", "name": "marcel maier", "email": "mail@towlie.dev", "full_name": "marcel maier", "provider_id": "aa8036d0-0265-44ad-a5bf-093e4f46ce77", "email_verified": true, "phone_verified": false}', NULL, '2024-12-09 12:51:04.273392+00', '2024-12-09 15:53:39.786186+00', NULL, NULL, '', '', NULL, '', 0, NULL, '', NULL, false, NULL, false);


--
-- Data for Name: identities; Type: TABLE DATA; Schema: auth; Owner: supabase_auth_admin
--

INSERT INTO "auth"."identities" ("provider_id", "user_id", "identity_data", "provider", "last_sign_in_at", "created_at", "updated_at", "id") VALUES
	('aa8036d0-0265-44ad-a5bf-093e4f46ce77', '9d4e645f-44a7-463e-b340-815bd66c99ed', '{"iss": "https://auth.towelie.dev/realms/supabase", "sub": "aa8036d0-0265-44ad-a5bf-093e4f46ce77", "name": "marcel maier", "email": "mail@towlie.dev", "full_name": "marcel maier", "provider_id": "aa8036d0-0265-44ad-a5bf-093e4f46ce77", "email_verified": true, "phone_verified": false}', 'keycloak', '2024-12-09 12:51:04.275944+00', '2024-12-09 12:51:04.275958+00', '2024-12-09 14:51:07.562171+00', '89947f61-c0c2-4a4f-866f-9349226e8809'),
	('6022f188-4864-4c8f-99d2-67afceda024b', 'e035275a-5b84-456b-a40c-04708ef1be4d', '{"iss": "https://auth.towelie.dev/realms/supabase", "sub": "6022f188-4864-4c8f-99d2-67afceda024b", "name": "Pedro Barahona", "email": "pedro.barahona@lit-beratung.com", "full_name": "Pedro Barahona", "provider_id": "6022f188-4864-4c8f-99d2-67afceda024b", "email_verified": true, "phone_verified": false}', 'keycloak', '2024-12-09 15:24:53.863161+00', '2024-12-09 15:24:53.863176+00', '2024-12-09 15:24:53.863176+00', '6dc60fae-79b1-429f-a363-c55954a18c75');


--
-- Data for Name: instances; Type: TABLE DATA; Schema: auth; Owner: supabase_auth_admin
--



--
-- Data for Name: sessions; Type: TABLE DATA; Schema: auth; Owner: supabase_auth_admin
--

INSERT INTO "auth"."sessions" ("id", "user_id", "created_at", "updated_at", "factor_id", "aal", "not_after", "refreshed_at", "user_agent", "ip", "tag") VALUES
	('0bfec84a-e1f8-4d83-9709-ee10a4822c22', '9d4e645f-44a7-463e-b340-815bd66c99ed', '2024-12-09 13:18:52.938479+00', '2024-12-09 13:18:52.938479+00', NULL, 'aal1', NULL, NULL, 'undici', '172.18.0.1', NULL),
	('299616a3-79dd-4fae-a0ce-ecb8be6a7323', '9d4e645f-44a7-463e-b340-815bd66c99ed', '2024-12-09 13:27:22.580212+00', '2024-12-09 13:27:22.580212+00', NULL, 'aal1', NULL, NULL, 'undici', '172.18.0.1', NULL),
	('cbbbf869-0446-4af2-864c-d3dfb67f5cca', '9d4e645f-44a7-463e-b340-815bd66c99ed', '2024-12-09 13:32:28.063136+00', '2024-12-09 13:32:28.063136+00', NULL, 'aal1', NULL, NULL, 'undici', '172.18.0.1', NULL),
	('dd78245b-c070-4a98-ac55-39e55f2c4f50', '9d4e645f-44a7-463e-b340-815bd66c99ed', '2024-12-09 14:06:18.36491+00', '2024-12-09 14:06:18.36491+00', NULL, 'aal1', NULL, NULL, 'undici', '172.18.0.1', NULL),
	('2f89de2b-7f66-475b-a936-00f8473fd495', '9d4e645f-44a7-463e-b340-815bd66c99ed', '2024-12-09 14:08:03.718306+00', '2024-12-09 14:08:03.718306+00', NULL, 'aal1', NULL, NULL, 'undici', '172.18.0.1', NULL),
	('fdc22ba4-20a3-49cb-bf9a-93a792946ae1', '9d4e645f-44a7-463e-b340-815bd66c99ed', '2024-12-09 14:09:33.996326+00', '2024-12-09 14:09:33.996326+00', NULL, 'aal1', NULL, NULL, 'undici', '172.18.0.1', NULL),
	('84269b91-2f30-4457-b917-50a30b2942b5', '9d4e645f-44a7-463e-b340-815bd66c99ed', '2024-12-09 14:12:28.590712+00', '2024-12-09 14:12:28.590712+00', NULL, 'aal1', NULL, NULL, 'undici', '172.18.0.1', NULL),
	('ff415184-2dcb-4f47-aa21-e3a6864e4625', '9d4e645f-44a7-463e-b340-815bd66c99ed', '2024-12-09 14:45:29.422315+00', '2024-12-09 14:45:29.422315+00', NULL, 'aal1', NULL, NULL, 'undici', '172.16.140.118', NULL),
	('3b08ecf3-d103-4d4d-86eb-f5d7048ad150', '9d4e645f-44a7-463e-b340-815bd66c99ed', '2024-12-09 14:48:38.241502+00', '2024-12-09 14:48:38.241502+00', NULL, 'aal1', NULL, NULL, 'undici', '172.16.140.118', NULL),
	('96509203-1ef6-477f-aeba-7be5149d6b13', 'e035275a-5b84-456b-a40c-04708ef1be4d', '2024-12-09 15:24:53.989883+00', '2024-12-09 15:24:53.989883+00', NULL, 'aal1', NULL, NULL, 'undici', '172.16.140.118', NULL),
	('738f7513-6af2-4d5d-9b26-4a2f24765943', '9d4e645f-44a7-463e-b340-815bd66c99ed', '2024-12-09 14:51:07.656279+00', '2024-12-09 15:53:40.237172+00', NULL, 'aal1', NULL, '2024-12-09 15:53:40.237145', 'undici', '172.16.140.118', NULL);


--
-- Data for Name: mfa_amr_claims; Type: TABLE DATA; Schema: auth; Owner: supabase_auth_admin
--

INSERT INTO "auth"."mfa_amr_claims" ("session_id", "created_at", "updated_at", "authentication_method", "id") VALUES
	('0bfec84a-e1f8-4d83-9709-ee10a4822c22', '2024-12-09 13:18:52.940242+00', '2024-12-09 13:18:52.940242+00', 'oauth', 'aeec0ae7-1d4c-4cc5-8251-92b686e4b15d'),
	('299616a3-79dd-4fae-a0ce-ecb8be6a7323', '2024-12-09 13:27:22.581542+00', '2024-12-09 13:27:22.581542+00', 'oauth', 'bb6f612d-372a-4f54-a2d2-c3cfb430940a'),
	('cbbbf869-0446-4af2-864c-d3dfb67f5cca', '2024-12-09 13:32:28.064425+00', '2024-12-09 13:32:28.064425+00', 'oauth', '267b4c8f-c3d9-40bf-876a-2122e9826abf'),
	('dd78245b-c070-4a98-ac55-39e55f2c4f50', '2024-12-09 14:06:18.366234+00', '2024-12-09 14:06:18.366234+00', 'oauth', '3ce728ec-7b3b-4dc6-8b50-9af6afd44c26'),
	('2f89de2b-7f66-475b-a936-00f8473fd495', '2024-12-09 14:08:03.719841+00', '2024-12-09 14:08:03.719841+00', 'oauth', '447e702e-d059-4dbf-83fd-937d8656b684'),
	('fdc22ba4-20a3-49cb-bf9a-93a792946ae1', '2024-12-09 14:09:33.99745+00', '2024-12-09 14:09:33.99745+00', 'oauth', 'f0369fb1-cf44-4867-967d-bfdf9ff0758f'),
	('84269b91-2f30-4457-b917-50a30b2942b5', '2024-12-09 14:12:28.593313+00', '2024-12-09 14:12:28.593313+00', 'oauth', 'f5bf57e6-735a-4b87-b6d6-c777970164a0'),
	('ff415184-2dcb-4f47-aa21-e3a6864e4625', '2024-12-09 14:45:29.424487+00', '2024-12-09 14:45:29.424487+00', 'oauth', '40da1c3d-43a6-4dc9-88ec-f185df59b527'),
	('3b08ecf3-d103-4d4d-86eb-f5d7048ad150', '2024-12-09 14:48:38.243097+00', '2024-12-09 14:48:38.243097+00', 'oauth', 'c895e8fb-b6d8-4705-96c9-e3b221c679fe'),
	('738f7513-6af2-4d5d-9b26-4a2f24765943', '2024-12-09 14:51:07.657291+00', '2024-12-09 14:51:07.657291+00', 'oauth', '280c9b2b-7c70-4d71-a255-fad7ced58e65'),
	('96509203-1ef6-477f-aeba-7be5149d6b13', '2024-12-09 15:24:53.990805+00', '2024-12-09 15:24:53.990805+00', 'oauth', '92f55635-c03d-4b77-b945-9b122a97c1e3');


--
-- Data for Name: mfa_factors; Type: TABLE DATA; Schema: auth; Owner: supabase_auth_admin
--



--
-- Data for Name: mfa_challenges; Type: TABLE DATA; Schema: auth; Owner: supabase_auth_admin
--



--
-- Data for Name: one_time_tokens; Type: TABLE DATA; Schema: auth; Owner: supabase_auth_admin
--



--
-- Data for Name: refresh_tokens; Type: TABLE DATA; Schema: auth; Owner: supabase_auth_admin
--

INSERT INTO "auth"."refresh_tokens" ("instance_id", "id", "token", "user_id", "revoked", "created_at", "updated_at", "parent", "session_id") VALUES
	('00000000-0000-0000-0000-000000000000', 2, 'bv0xL1uvNIuKCMFfKWEsJA', '9d4e645f-44a7-463e-b340-815bd66c99ed', false, '2024-12-09 13:18:52.939065+00', '2024-12-09 13:18:52.939065+00', NULL, '0bfec84a-e1f8-4d83-9709-ee10a4822c22'),
	('00000000-0000-0000-0000-000000000000', 35, 'Zyz_Mnu75iz7wmquUMXhyA', '9d4e645f-44a7-463e-b340-815bd66c99ed', false, '2024-12-09 13:27:22.580711+00', '2024-12-09 13:27:22.580711+00', NULL, '299616a3-79dd-4fae-a0ce-ecb8be6a7323'),
	('00000000-0000-0000-0000-000000000000', 68, 'SHHPxPwCP6pGyZjWqOjOjQ', '9d4e645f-44a7-463e-b340-815bd66c99ed', false, '2024-12-09 13:32:28.063578+00', '2024-12-09 13:32:28.063578+00', NULL, 'cbbbf869-0446-4af2-864c-d3dfb67f5cca'),
	('00000000-0000-0000-0000-000000000000', 69, 'udmGR-FIdXH4BWA1NVpzJQ', '9d4e645f-44a7-463e-b340-815bd66c99ed', false, '2024-12-09 14:06:18.365439+00', '2024-12-09 14:06:18.365439+00', NULL, 'dd78245b-c070-4a98-ac55-39e55f2c4f50'),
	('00000000-0000-0000-0000-000000000000', 102, 'FEw3rbiJA0P2NIykHFlD1w', '9d4e645f-44a7-463e-b340-815bd66c99ed', false, '2024-12-09 14:08:03.719003+00', '2024-12-09 14:08:03.719003+00', NULL, '2f89de2b-7f66-475b-a936-00f8473fd495'),
	('00000000-0000-0000-0000-000000000000', 135, 'Uv3wS0Gi1hwbXyDTsfzhcg', '9d4e645f-44a7-463e-b340-815bd66c99ed', false, '2024-12-09 14:09:33.996746+00', '2024-12-09 14:09:33.996746+00', NULL, 'fdc22ba4-20a3-49cb-bf9a-93a792946ae1'),
	('00000000-0000-0000-0000-000000000000', 168, '5BbPi8X49cj3HAIVJCpLuQ', '9d4e645f-44a7-463e-b340-815bd66c99ed', false, '2024-12-09 14:12:28.59248+00', '2024-12-09 14:12:28.59248+00', NULL, '84269b91-2f30-4457-b917-50a30b2942b5'),
	('00000000-0000-0000-0000-000000000000', 169, 'ZaB7hKupFJ_NvuZyf5sSRQ', '9d4e645f-44a7-463e-b340-815bd66c99ed', false, '2024-12-09 14:45:29.423204+00', '2024-12-09 14:45:29.423204+00', NULL, 'ff415184-2dcb-4f47-aa21-e3a6864e4625'),
	('00000000-0000-0000-0000-000000000000', 202, 'E6JnEnKm8nMbACLPLGB5hQ', '9d4e645f-44a7-463e-b340-815bd66c99ed', false, '2024-12-09 14:48:38.24196+00', '2024-12-09 14:48:38.24196+00', NULL, '3b08ecf3-d103-4d4d-86eb-f5d7048ad150'),
	('00000000-0000-0000-0000-000000000000', 204, 'Yo6cEMYhQhGIzjQH3avoaA', 'e035275a-5b84-456b-a40c-04708ef1be4d', false, '2024-12-09 15:24:53.990139+00', '2024-12-09 15:24:53.990139+00', NULL, '96509203-1ef6-477f-aeba-7be5149d6b13'),
	('00000000-0000-0000-0000-000000000000', 203, '2uAY8R3Ax3Q-I_QzkcOijg', '9d4e645f-44a7-463e-b340-815bd66c99ed', true, '2024-12-09 14:51:07.656635+00', '2024-12-09 15:53:39.785548+00', NULL, '738f7513-6af2-4d5d-9b26-4a2f24765943'),
	('00000000-0000-0000-0000-000000000000', 205, 'TT8ncI10OFIWYHmS6bGabA', '9d4e645f-44a7-463e-b340-815bd66c99ed', false, '2024-12-09 15:53:39.785812+00', '2024-12-09 15:53:39.785812+00', '2uAY8R3Ax3Q-I_QzkcOijg', '738f7513-6af2-4d5d-9b26-4a2f24765943');


--
-- Data for Name: sso_providers; Type: TABLE DATA; Schema: auth; Owner: supabase_auth_admin
--



--
-- Data for Name: saml_providers; Type: TABLE DATA; Schema: auth; Owner: supabase_auth_admin
--



--
-- Data for Name: saml_relay_states; Type: TABLE DATA; Schema: auth; Owner: supabase_auth_admin
--



--
-- Data for Name: sso_domains; Type: TABLE DATA; Schema: auth; Owner: supabase_auth_admin
--



--
-- Data for Name: key; Type: TABLE DATA; Schema: pgsodium; Owner: supabase_admin
--



--
-- Data for Name: users; Type: TABLE DATA; Schema: public; Owner: postgres
--

INSERT INTO "public"."users" ("id", "full_name", "avatar_url", "created_at", "email", "updated_at") VALUES
	('e035275a-5b84-456b-a40c-04708ef1be4d', 'Pedro Barahona', NULL, '2024-12-09 15:24:53.859148+00', 'pedro.barahona@lit-beratung.com', '2024-12-09 15:24:53.859148+00'),
	('9d4e645f-44a7-463e-b340-815bd66c99ed', 'Marcel Maier', NULL, '2024-12-09 12:51:04.271467+00', 'mail@towlie.dev', '2024-12-09 15:27:22.308032+00');


--
-- Data for Name: buckets; Type: TABLE DATA; Schema: storage; Owner: supabase_storage_admin
--



--
-- Data for Name: objects; Type: TABLE DATA; Schema: storage; Owner: supabase_storage_admin
--



--
-- Data for Name: s3_multipart_uploads; Type: TABLE DATA; Schema: storage; Owner: supabase_storage_admin
--



--
-- Data for Name: s3_multipart_uploads_parts; Type: TABLE DATA; Schema: storage; Owner: supabase_storage_admin
--



--
-- Data for Name: hooks; Type: TABLE DATA; Schema: supabase_functions; Owner: supabase_functions_admin
--



--
-- Data for Name: secrets; Type: TABLE DATA; Schema: vault; Owner: supabase_admin
--



--
-- Name: refresh_tokens_id_seq; Type: SEQUENCE SET; Schema: auth; Owner: supabase_auth_admin
--

SELECT pg_catalog.setval('"auth"."refresh_tokens_id_seq"', 205, true);


--
-- Name: key_key_id_seq; Type: SEQUENCE SET; Schema: pgsodium; Owner: supabase_admin
--

SELECT pg_catalog.setval('"pgsodium"."key_key_id_seq"', 1, false);


--
-- Name: hooks_id_seq; Type: SEQUENCE SET; Schema: supabase_functions; Owner: supabase_functions_admin
--

SELECT pg_catalog.setval('"supabase_functions"."hooks_id_seq"', 1, false);


--
-- PostgreSQL database dump complete
--

RESET ALL;
